<application>
  <component name="com.intellij.ide.ui.customization.CustomActionsSchema">
    <group value="PhpNewTestGroup" is_group="true" action_type="-1" position="61">
      <path value="root" />
      <path value="Main Menu" />
      <path value="File" />
      <path value="File Open Actions" />
      <path value="Open Project Actions" />
      <path value="New" />
      <option name="myInitialPosition" value="-1" />
    </group>
    <group value="WebServicesPlugin.CreateRestfulWebServiceClient" is_action="true" action_type="-1" position="60">
      <path value="root" />
      <path value="Main Menu" />
      <path value="File" />
      <path value="File Open Actions" />
      <path value="Open Project Actions" />
      <path value="New" />
      <option name="myInitialPosition" value="-1" />
    </group>
    <group value="WebServicesPlugin.CreateRestfulWebService" is_action="true" action_type="-1" position="59">
      <path value="root" />
      <path value="Main Menu" />
      <path value="File" />
      <path value="File Open Actions" />
      <path value="Open Project Actions" />
      <path value="New" />
      <option name="myInitialPosition" value="-1" />
    </group>
    <group value="PhpNewTestGroup" is_group="true" action_type="-1" position="59">
      <path value="root" />
      <path value="Project View Popup Menu" />
      <path value="New" />
      <option name="myInitialPosition" value="-1" />
    </group>
    <group value="HTTP.Request.NewFile" is_action="true" action_type="-1" position="58">
      <path value="root" />
      <path value="Main Menu" />
      <path value="File" />
      <path value="File Open Actions" />
      <path value="Open Project Actions" />
      <path value="New" />
      <option name="myInitialPosition" value="-1" />
    </group>
    <group value="WebServicesPlugin.CreateRestfulWebServiceClient" is_action="true" action_type="-1" position="58">
      <path value="root" />
      <path value="Project View Popup Menu" />
      <path value="New" />
      <option name="myInitialPosition" value="-1" />
    </group>
    <group value="WebServicesPlugin.CreateWebServiceClient" is_action="true" action_type="-1" position="57">
      <path value="root" />
      <path value="Main Menu" />
      <path value="File" />
      <path value="File Open Actions" />
      <path value="Open Project Actions" />
      <path value="New" />
      <option name="myInitialPosition" value="-1" />
    </group>
    <group value="WebServicesPlugin.CreateRestfulWebService" is_action="true" action_type="-1" position="57">
      <path value="root" />
      <path value="Project View Popup Menu" />
      <path value="New" />
      <option name="myInitialPosition" value="-1" />
    </group>
    <group value="WebServicesPlugin.CreateWebService" is_action="true" action_type="-1" position="56">
      <path value="root" />
      <path value="Main Menu" />
      <path value="File" />
      <path value="File Open Actions" />
      <path value="Open Project Actions" />
      <path value="New" />
      <option name="myInitialPosition" value="-1" />
    </group>
    <group value="HTTP.Request.NewFile" is_action="true" action_type="-1" position="56">
      <path value="root" />
      <path value="Project View Popup Menu" />
      <path value="New" />
      <option name="myInitialPosition" value="-1" />
    </group>
    <group value="Drools.CreateRuleFile" is_action="true" action_type="-1" position="55">
      <path value="root" />
      <path value="Main Menu" />
      <path value="File" />
      <path value="File Open Actions" />
      <path value="Open Project Actions" />
      <path value="New" />
      <option name="myInitialPosition" value="-1" />
    </group>
    <group value="WebServicesPlugin.CreateWebServiceClient" is_action="true" action_type="-1" position="55">
      <path value="root" />
      <path value="Project View Popup Menu" />
      <path value="New" />
      <option name="myInitialPosition" value="-1" />
    </group>
    <group value="J2EEGenerateGroup" is_group="true" action_type="-1" position="54">
      <path value="root" />
      <path value="Main Menu" />
      <path value="File" />
      <path value="File Open Actions" />
      <path value="Open Project Actions" />
      <path value="New" />
      <option name="myInitialPosition" value="-1" />
    </group>
    <group value="WebServicesPlugin.CreateWebService" is_action="true" action_type="-1" position="54">
      <path value="root" />
      <path value="Project View Popup Menu" />
      <path value="New" />
      <option name="myInitialPosition" value="-1" />
    </group>
    <group value="JavaeeEjbGenerateGroup" is_group="true" action_type="-1" position="53">
      <path value="root" />
      <path value="Main Menu" />
      <path value="File" />
      <path value="File Open Actions" />
      <path value="Open Project Actions" />
      <path value="New" />
      <option name="myInitialPosition" value="-1" />
    </group>
    <group value="Drools.CreateRuleFile" is_action="true" action_type="-1" position="53">
      <path value="root" />
      <path value="Project View Popup Menu" />
      <path value="New" />
      <option name="myInitialPosition" value="-1" />
    </group>
    <group value="NewGroupPersistence" is_group="true" action_type="-1" position="52">
      <path value="root" />
      <path value="Main Menu" />
      <path value="File" />
      <path value="File Open Actions" />
      <path value="Open Project Actions" />
      <path value="New" />
      <option name="myInitialPosition" value="-1" />
    </group>
    <group value="J2EEGenerateGroup" is_group="true" action_type="-1" position="52">
      <path value="root" />
      <path value="Project View Popup Menu" />
      <path value="New" />
      <option name="myInitialPosition" value="-1" />
    </group>
    <group value="&lt;anonymous-group-10&gt;" is_group="true" action_type="-1" position="51">
      <path value="root" />
      <path value="Main Menu" />
      <path value="File" />
      <path value="File Open Actions" />
      <path value="Open Project Actions" />
      <path value="New" />
      <option name="myInitialPosition" value="-1" />
    </group>
    <group value="JavaeeEjbGenerateGroup" is_group="true" action_type="-1" position="51">
      <path value="root" />
      <path value="Project View Popup Menu" />
      <path value="New" />
      <option name="myInitialPosition" value="-1" />
    </group>
    <group value="DevkitNewActions" is_group="true" action_type="-1" position="50">
      <path value="root" />
      <path value="Main Menu" />
      <path value="File" />
      <path value="File Open Actions" />
      <path value="Open Project Actions" />
      <path value="New" />
      <option name="myInitialPosition" value="-1" />
    </group>
    <group value="NewGroupPersistence" is_group="true" action_type="-1" position="50">
      <path value="root" />
      <path value="Project View Popup Menu" />
      <path value="New" />
      <option name="myInitialPosition" value="-1" />
    </group>
    <group value="Gant.NewScript" is_action="true" action_type="-1" position="49">
      <path value="root" />
      <path value="Main Menu" />
      <path value="File" />
      <path value="File Open Actions" />
      <path value="Open Project Actions" />
      <path value="New" />
      <option name="myInitialPosition" value="-1" />
    </group>
    <group value="&lt;anonymous-group-10&gt;" is_group="true" action_type="-1" position="49">
      <path value="root" />
      <path value="Project View Popup Menu" />
      <path value="New" />
      <option name="myInitialPosition" value="-1" />
    </group>
    <group value="Groovy.NewScript" is_action="true" action_type="-1" position="48">
      <path value="root" />
      <path value="Main Menu" />
      <path value="File" />
      <path value="File Open Actions" />
      <path value="Open Project Actions" />
      <path value="New" />
      <option name="myInitialPosition" value="-1" />
    </group>
    <group value="DevkitNewActions" is_group="true" action_type="-1" position="48">
      <path value="root" />
      <path value="Project View Popup Menu" />
      <path value="New" />
      <option name="myInitialPosition" value="-1" />
    </group>
    <group value="GuiceActionGroup" is_group="true" action_type="-1" position="47">
      <path value="root" />
      <path value="Main Menu" />
      <path value="File" />
      <path value="File Open Actions" />
      <path value="Open Project Actions" />
      <path value="New" />
      <option name="myInitialPosition" value="-1" />
    </group>
    <group value="Gant.NewScript" is_action="true" action_type="-1" position="47">
      <path value="root" />
      <path value="Project View Popup Menu" />
      <path value="New" />
      <option name="myInitialPosition" value="-1" />
    </group>
    <group value="Uml.NewGroup" is_group="true" action_type="-1" position="46">
      <path value="root" />
      <path value="Main Menu" />
      <path value="File" />
      <path value="File Open Actions" />
      <path value="Open Project Actions" />
      <path value="New" />
      <option name="myInitialPosition" value="-1" />
    </group>
    <group value="Groovy.NewScript" is_action="true" action_type="-1" position="46">
      <path value="root" />
      <path value="Project View Popup Menu" />
      <path value="New" />
      <option name="myInitialPosition" value="-1" />
    </group>
    <group value="NewXmlDescriptor" is_group="true" action_type="-1" position="45">
      <path value="root" />
      <path value="Main Menu" />
      <path value="File" />
      <path value="File Open Actions" />
      <path value="Open Project Actions" />
      <path value="New" />
      <option name="myInitialPosition" value="-1" />
    </group>
    <group value="GuiceActionGroup" is_group="true" action_type="-1" position="45">
      <path value="root" />
      <path value="Project View Popup Menu" />
      <path value="New" />
      <option name="myInitialPosition" value="-1" />
    </group>
    <group value="CreateResourceBundle" is_action="true" action_type="-1" position="44">
      <path value="root" />
      <path value="Main Menu" />
      <path value="File" />
      <path value="File Open Actions" />
      <path value="Open Project Actions" />
      <path value="New" />
      <option name="myInitialPosition" value="-1" />
    </group>
    <group value="Uml.NewGroup" is_group="true" action_type="-1" position="44">
      <path value="root" />
      <path value="Project View Popup Menu" />
      <path value="New" />
      <option name="myInitialPosition" value="-1" />
    </group>
    <group value="CreateEditorConfigFile" is_action="true" action_type="-1" position="43">
      <path value="root" />
      <path value="Main Menu" />
      <path value="File" />
      <path value="File Open Actions" />
      <path value="Open Project Actions" />
      <path value="New" />
      <option name="myInitialPosition" value="-1" />
    </group>
    <group value="NewXmlDescriptor" is_group="true" action_type="-1" position="43">
      <path value="root" />
      <path value="Project View Popup Menu" />
      <path value="New" />
      <option name="myInitialPosition" value="-1" />
    </group>
    <group value="GuiDesigner.NewActions" is_group="true" action_type="-1" position="42">
      <path value="root" />
      <path value="Main Menu" />
      <path value="File" />
      <path value="File Open Actions" />
      <path value="Open Project Actions" />
      <path value="New" />
      <option name="myInitialPosition" value="-1" />
    </group>
    <group value="ProjectViewPopupMenuSettingsGroup" is_group="true" action_type="-1" position="42">
      <path value="root" />
      <path value="Project View Popup Menu" />
      <option name="myInitialPosition" value="-1" />
    </group>
    <group value="CreateResourceBundle" is_action="true" action_type="-1" position="42">
      <path value="root" />
      <path value="Project View Popup Menu" />
      <path value="New" />
      <option name="myInitialPosition" value="-1" />
    </group>
    <group value="NewFromTemplate" is_group="true" action_type="-1" position="41">
      <path value="root" />
      <path value="Main Menu" />
      <path value="File" />
      <path value="File Open Actions" />
      <path value="Open Project Actions" />
      <path value="New" />
      <option name="myInitialPosition" value="-1" />
    </group>
    <group value="CreateEditorConfigFile" is_action="true" action_type="-1" position="41">
      <path value="root" />
      <path value="Project View Popup Menu" />
      <path value="New" />
      <option name="myInitialPosition" value="-1" />
    </group>
    <group value="NewComposerJsonFile" is_action="true" action_type="-1" position="40">
      <path value="root" />
      <path value="Main Menu" />
      <path value="File" />
      <path value="File Open Actions" />
      <path value="Open Project Actions" />
      <path value="New" />
      <option name="myInitialPosition" value="-1" />
    </group>
    <group value="GuiDesigner.NewActions" is_group="true" action_type="-1" position="40">
      <path value="root" />
      <path value="Project View Popup Menu" />
      <path value="New" />
      <option name="myInitialPosition" value="-1" />
    </group>
    <group value="CreateOpenapiSpecification" is_action="true" action_type="-1" position="39">
      <path value="root" />
      <path value="Main Menu" />
      <path value="File" />
      <path value="File Open Actions" />
      <path value="Open Project Actions" />
      <path value="New" />
      <option name="myInitialPosition" value="-1" />
    </group>
    <group value="NewFromTemplate" is_group="true" action_type="-1" position="39">
      <path value="root" />
      <path value="Project View Popup Menu" />
      <path value="New" />
      <option name="myInitialPosition" value="-1" />
    </group>
    <group value="Kotlin.NewWorksheet" is_action="true" action_type="-1" position="38">
      <path value="root" />
      <path value="Main Menu" />
      <path value="File" />
      <path value="File Open Actions" />
      <path value="Open Project Actions" />
      <path value="New" />
      <option name="myInitialPosition" value="-1" />
    </group>
    <group value="PyProfiler.OpenPStat" is_action="true" action_type="-1" position="38">
      <path value="root" />
      <path value="Main Menu" />
      <path value="Tools" />
      <option name="myInitialPosition" value="-1" />
    </group>
    <group value="NewComposerJsonFile" is_action="true" action_type="-1" position="38">
      <path value="root" />
      <path value="Project View Popup Menu" />
      <path value="New" />
      <option name="myInitialPosition" value="-1" />
    </group>
    <group value="Kotlin.NewScript" is_action="true" action_type="-1" position="37">
      <path value="root" />
      <path value="Main Menu" />
      <path value="File" />
      <path value="File Open Actions" />
      <path value="Open Project Actions" />
      <path value="New" />
      <option name="myInitialPosition" value="-1" />
    </group>
    <group value="PythonAppEngine" is_group="true" action_type="-1" position="37">
      <path value="root" />
      <path value="Main Menu" />
      <path value="Tools" />
      <option name="myInitialPosition" value="-1" />
    </group>
    <group value="CreateOpenapiSpecification" is_action="true" action_type="-1" position="37">
      <path value="root" />
      <path value="Project View Popup Menu" />
      <path value="New" />
      <option name="myInitialPosition" value="-1" />
    </group>
    <group value="NewCoffeeScriptFile" is_action="true" action_type="-1" position="36">
      <path value="root" />
      <path value="Main Menu" />
      <path value="File" />
      <path value="File Open Actions" />
      <path value="Open Project Actions" />
      <path value="New" />
      <option name="myInitialPosition" value="-1" />
    </group>
    <group value="ComposerToolsGroup" is_group="true" action_type="-1" position="36">
      <path value="root" />
      <path value="Main Menu" />
      <path value="Tools" />
      <option name="myInitialPosition" value="-1" />
    </group>
    <group value="Kotlin.NewWorksheet" is_action="true" action_type="-1" position="36">
      <path value="root" />
      <path value="Project View Popup Menu" />
      <path value="New" />
      <option name="myInitialPosition" value="-1" />
    </group>
    <group value="NewPackageJsonFile" is_action="true" action_type="-1" position="35">
      <path value="root" />
      <path value="Main Menu" />
      <path value="File" />
      <path value="File Open Actions" />
      <path value="Open Project Actions" />
      <path value="New" />
      <option name="myInitialPosition" value="-1" />
    </group>
    <group value="Kotlin.NewScript" is_action="true" action_type="-1" position="35">
      <path value="root" />
      <path value="Project View Popup Menu" />
      <path value="New" />
      <option name="myInitialPosition" value="-1" />
    </group>
    <group value="NewTypeScriptConfigFile" is_action="true" action_type="-1" position="34">
      <path value="root" />
      <path value="Main Menu" />
      <path value="File" />
      <path value="File Open Actions" />
      <path value="Open Project Actions" />
      <path value="New" />
      <option name="myInitialPosition" value="-1" />
    </group>
    <group value="Django.ToolsMenu" is_group="true" action_type="-1" position="34">
      <path value="root" />
      <path value="Main Menu" />
      <path value="Tools" />
      <option name="myInitialPosition" value="-1" />
    </group>
    <group value="NewCoffeeScriptFile" is_action="true" action_type="-1" position="34">
      <path value="root" />
      <path value="Project View Popup Menu" />
      <path value="New" />
      <option name="myInitialPosition" value="-1" />
    </group>
    <group value="NewTypeScriptFile" is_action="true" action_type="-1" position="33">
      <path value="root" />
      <path value="Main Menu" />
      <path value="File" />
      <path value="File Open Actions" />
      <path value="Open Project Actions" />
      <path value="New" />
      <option name="myInitialPosition" value="-1" />
    </group>
    <group value="PyPackagingMenu" is_group="true" action_type="-1" position="33">
      <path value="root" />
      <path value="Main Menu" />
      <path value="Tools" />
      <option name="myInitialPosition" value="-1" />
    </group>
    <group value="NewPackageJsonFile" is_action="true" action_type="-1" position="33">
      <path value="root" />
      <path value="Project View Popup Menu" />
      <path value="New" />
      <option name="myInitialPosition" value="-1" />
    </group>
    <group value="NewJavaScriptFile" is_action="true" action_type="-1" position="32">
      <path value="root" />
      <path value="Main Menu" />
      <path value="File" />
      <path value="File Open Actions" />
      <path value="Open Project Actions" />
      <path value="New" />
      <option name="myInitialPosition" value="-1" />
    </group>
    <group value="com.jetbrains.python.console.RunPythonOrDebugConsoleAction" is_action="true" action_type="-1" position="32">
      <path value="root" />
      <path value="Main Menu" />
      <path value="Tools" />
      <option name="myInitialPosition" value="-1" />
    </group>
    <group value="NewTypeScriptConfigFile" is_action="true" action_type="-1" position="32">
      <path value="root" />
      <path value="Project View Popup Menu" />
      <path value="New" />
      <option name="myInitialPosition" value="-1" />
    </group>
    <group value="NewPowerShellFile" is_action="true" action_type="-1" position="31">
      <path value="root" />
      <path value="Main Menu" />
      <path value="File" />
      <path value="File Open Actions" />
      <path value="Open Project Actions" />
      <path value="New" />
      <option name="myInitialPosition" value="-1" />
    </group>
    <group value="XdebugAnalyzeProfilerSnapshotAction" is_action="true" action_type="-1" position="31">
      <path value="root" />
      <path value="Main Menu" />
      <path value="Tools" />
      <option name="myInitialPosition" value="-1" />
    </group>
    <group value="NewTypeScriptFile" is_action="true" action_type="-1" position="31">
      <path value="root" />
      <path value="Project View Popup Menu" />
      <path value="New" />
      <option name="myInitialPosition" value="-1" />
    </group>
    <group value="NewStylesheetFile" is_action="true" action_type="-1" position="30">
      <path value="root" />
      <path value="Main Menu" />
      <path value="File" />
      <path value="File Open Actions" />
      <path value="Open Project Actions" />
      <path value="New" />
      <option name="myInitialPosition" value="-1" />
    </group>
    <group value="DBGPProxyGroup" is_group="true" action_type="-1" position="30">
      <path value="root" />
      <path value="Main Menu" />
      <path value="Tools" />
      <option name="myInitialPosition" value="-1" />
    </group>
    <group value="NewJavaScriptFile" is_action="true" action_type="-1" position="30">
      <path value="root" />
      <path value="Project View Popup Menu" />
      <path value="New" />
      <option name="myInitialPosition" value="-1" />
    </group>
    <group value="NewXml" is_group="true" action_type="-1" position="29">
      <path value="root" />
      <path value="Main Menu" />
      <path value="File" />
      <path value="File Open Actions" />
      <path value="Open Project Actions" />
      <path value="New" />
      <option name="myInitialPosition" value="-1" />
    </group>
    <group value="HTTPClientGroup" is_group="true" action_type="-1" position="29">
      <path value="root" />
      <path value="Main Menu" />
      <path value="Tools" />
      <option name="myInitialPosition" value="-1" />
    </group>
    <group value="NewPowerShellFile" is_action="true" action_type="-1" position="29">
      <path value="root" />
      <path value="Project View Popup Menu" />
      <path value="New" />
      <option name="myInitialPosition" value="-1" />
    </group>
    <group value="JupyterCreateFileAction" is_action="true" action_type="-1" position="28">
      <path value="root" />
      <path value="Main Menu" />
      <path value="File" />
      <path value="File Open Actions" />
      <path value="Open Project Actions" />
      <path value="New" />
      <option name="myInitialPosition" value="-1" />
    </group>
    <group value="Grails.Actions" is_group="true" action_type="-1" position="28">
      <path value="root" />
      <path value="Main Menu" />
      <path value="Tools" />
      <option name="myInitialPosition" value="-1" />
    </group>
    <group value="NewStylesheetFile" is_action="true" action_type="-1" position="28">
      <path value="root" />
      <path value="Project View Popup Menu" />
      <path value="New" />
      <option name="myInitialPosition" value="-1" />
    </group>
    <group value="NewPythonFile" is_action="true" action_type="-1" position="27">
      <path value="root" />
      <path value="Main Menu" />
      <path value="File" />
      <path value="File Open Actions" />
      <path value="Open Project Actions" />
      <path value="New" />
      <option name="myInitialPosition" value="-1" />
    </group>
    <group value="Mvc.RunTarget" is_action="true" action_type="-1" position="27">
      <path value="root" />
      <path value="Main Menu" />
      <path value="Tools" />
      <option name="myInitialPosition" value="-1" />
    </group>
    <group value="NewXml" is_group="true" action_type="-1" position="27">
      <path value="root" />
      <path value="Project View Popup Menu" />
      <path value="New" />
      <option name="myInitialPosition" value="-1" />
    </group>
    <group value="FileTemplateSeparatorGroup" is_group="true" action_type="-1" position="26">
      <path value="root" />
      <path value="Main Menu" />
      <path value="File" />
      <path value="File Open Actions" />
      <path value="Open Project Actions" />
      <path value="New" />
      <option name="myInitialPosition" value="-1" />
    </group>
    <group value="XmlBeans" is_group="true" action_type="-1" position="26">
      <path value="root" />
      <path value="Main Menu" />
      <path value="Tools" />
      <option name="myInitialPosition" value="-1" />
    </group>
    <group value="JupyterCreateFileAction" is_action="true" action_type="-1" position="26">
      <path value="root" />
      <path value="Project View Popup Menu" />
      <path value="New" />
      <option name="myInitialPosition" value="-1" />
    </group>
    <group value="NewJavaSpecialFile" is_group="true" action_type="-1" position="25">
      <path value="root" />
      <path value="Main Menu" />
      <path value="File" />
      <path value="File Open Actions" />
      <path value="Open Project Actions" />
      <path value="New" />
      <option name="myInitialPosition" value="-1" />
    </group>
    <group value="JAXB" is_group="true" action_type="-1" position="25">
      <path value="root" />
      <path value="Main Menu" />
      <path value="Tools" />
      <option name="myInitialPosition" value="-1" />
    </group>
    <group value="NewPythonFile" is_action="true" action_type="-1" position="25">
      <path value="root" />
      <path value="Project View Popup Menu" />
      <path value="New" />
      <option name="myInitialPosition" value="-1" />
    </group>
    <group value="NewFxmlFile" is_action="true" action_type="-1" position="24">
      <path value="root" />
      <path value="Main Menu" />
      <path value="File" />
      <path value="File Open Actions" />
      <path value="Open Project Actions" />
      <path value="New" />
      <option name="myInitialPosition" value="-1" />
    </group>
    <group value="WebServicesActions" is_group="true" action_type="-1" position="24">
      <path value="root" />
      <path value="Main Menu" />
      <path value="Tools" />
      <option name="myInitialPosition" value="-1" />
    </group>
    <group value="FileTemplateSeparatorGroup" is_group="true" action_type="-1" position="24">
      <path value="root" />
      <path value="Project View Popup Menu" />
      <path value="New" />
      <option name="myInitialPosition" value="-1" />
    </group>
    <group value="angularCliGenerate" is_action="true" action_type="-1" position="23">
      <path value="root" />
      <path value="Main Menu" />
      <path value="File" />
      <path value="File Open Actions" />
      <path value="Open Project Actions" />
      <path value="New" />
      <option name="myInitialPosition" value="-1" />
    </group>
    <group value="AndroidToolsGroup" is_group="true" action_type="-1" position="23">
      <path value="root" />
      <path value="Main Menu" />
      <path value="Tools" />
      <option name="myInitialPosition" value="-1" />
    </group>
    <group value="NewJavaSpecialFile" is_group="true" action_type="-1" position="23">
      <path value="root" />
      <path value="Project View Popup Menu" />
      <path value="New" />
      <option name="myInitialPosition" value="-1" />
    </group>
    <group value="angularCliAdd" is_action="true" action_type="-1" position="22">
      <path value="root" />
      <path value="Main Menu" />
      <path value="File" />
      <path value="File Open Actions" />
      <path value="Open Project Actions" />
      <path value="New" />
      <option name="myInitialPosition" value="-1" />
    </group>
    <group value="SpaceGroup" is_group="true" action_type="-1" position="22">
      <path value="root" />
      <path value="Main Menu" />
      <path value="Tools" />
      <option name="myInitialPosition" value="-1" />
    </group>
    <group value="NewFxmlFile" is_action="true" action_type="-1" position="22">
      <path value="root" />
      <path value="Project View Popup Menu" />
      <path value="New" />
      <option name="myInitialPosition" value="-1" />
    </group>
    <group value="LegacyNewAndroidComponent" is_action="true" action_type="-1" position="21">
      <path value="root" />
      <path value="Main Menu" />
      <path value="File" />
      <path value="File Open Actions" />
      <path value="Open Project Actions" />
      <path value="New" />
      <option name="myInitialPosition" value="-1" />
    </group>
    <group value="KotlinToolsGroup" is_group="true" action_type="-1" position="21">
      <path value="root" />
      <path value="Main Menu" />
      <path value="Tools" />
      <option name="myInitialPosition" value="-1" />
    </group>
    <group value="angularCliGenerate" is_action="true" action_type="-1" position="21">
      <path value="root" />
      <path value="Project View Popup Menu" />
      <path value="New" />
      <option name="myInitialPosition" value="-1" />
    </group>
    <group value="NewAndroidVectorAsset" is_action="true" action_type="-1" position="20">
      <path value="root" />
      <path value="Main Menu" />
      <path value="File" />
      <path value="File Open Actions" />
      <path value="Open Project Actions" />
      <path value="New" />
      <option name="myInitialPosition" value="-1" />
    </group>
    <group value="v8.profiling" is_group="true" action_type="-1" position="20">
      <path value="root" />
      <path value="Main Menu" />
      <path value="Tools" />
      <option name="myInitialPosition" value="-1" />
    </group>
    <group value="angularCliAdd" is_action="true" action_type="-1" position="20">
      <path value="root" />
      <path value="Project View Popup Menu" />
      <path value="New" />
      <option name="myInitialPosition" value="-1" />
    </group>
    <group value="NewAndroidImageAsset" is_action="true" action_type="-1" position="19">
      <path value="root" />
      <path value="Main Menu" />
      <path value="File" />
      <path value="File Open Actions" />
      <path value="Open Project Actions" />
      <path value="New" />
      <option name="myInitialPosition" value="-1" />
    </group>
    <group value="RunJsbtTask" is_action="true" action_type="-1" position="19">
      <path value="root" />
      <path value="Main Menu" />
      <path value="Tools" />
      <option name="myInitialPosition" value="-1" />
    </group>
    <group value="LegacyNewAndroidComponent" is_action="true" action_type="-1" position="19">
      <path value="root" />
      <path value="Project View Popup Menu" />
      <path value="New" />
      <option name="myInitialPosition" value="-1" />
    </group>
    <group value="PhpNewGroup" is_group="true" action_type="-1" position="18">
      <path value="root" />
      <path value="Main Menu" />
      <path value="File" />
      <path value="File Open Actions" />
      <path value="Open Project Actions" />
      <path value="New" />
      <option name="myInitialPosition" value="-1" />
    </group>
    <group value="PowerShellConsoleAction" is_action="true" action_type="-1" position="18">
      <path value="root" />
      <path value="Main Menu" />
      <path value="Tools" />
      <option name="myInitialPosition" value="-1" />
    </group>
    <group value="NewAndroidVectorAsset" is_action="true" action_type="-1" position="18">
      <path value="root" />
      <path value="Project View Popup Menu" />
      <path value="New" />
      <option name="myInitialPosition" value="-1" />
    </group>
    <group value="Groovy.Console" is_action="true" action_type="-1" position="17">
      <path value="root" />
      <path value="Main Menu" />
      <path value="Tools" />
      <option name="myInitialPosition" value="-1" />
    </group>
    <group value="NewAndroidImageAsset" is_action="true" action_type="-1" position="17">
      <path value="root" />
      <path value="Project View Popup Menu" />
      <path value="New" />
      <option name="myInitialPosition" value="-1" />
    </group>
    <group value="NewDir" is_action="true" action_type="-1" position="16">
      <path value="root" />
      <path value="Main Menu" />
      <path value="File" />
      <path value="File Open Actions" />
      <path value="Open Project Actions" />
      <path value="New" />
      <option name="myInitialPosition" value="-1" />
    </group>
    <group value="Groovy.Shell" is_action="true" action_type="-1" position="16">
      <path value="root" />
      <path value="Main Menu" />
      <path value="Tools" />
      <option name="myInitialPosition" value="-1" />
    </group>
    <group value="PhpNewGroup" is_group="true" action_type="-1" position="16">
      <path value="root" />
      <path value="Project View Popup Menu" />
      <path value="New" />
      <option name="myInitialPosition" value="-1" />
    </group>
    <group value="NewScratchFile" is_action="true" action_type="-1" position="15">
      <path value="root" />
      <path value="Main Menu" />
      <path value="File" />
      <path value="File Open Actions" />
      <path value="Open Project Actions" />
      <path value="New" />
      <option name="myInitialPosition" value="-1" />
    </group>
    <group value="JShell.Console" is_action="true" action_type="-1" position="15">
      <path value="root" />
      <path value="Main Menu" />
      <path value="Tools" />
      <option name="myInitialPosition" value="-1" />
    </group>
    <group value="Cmd.New" is_action="true" action_type="-1" position="14">
      <path value="root" />
      <path value="Main Menu" />
      <path value="File" />
      <path value="File Open Actions" />
      <path value="Open Project Actions" />
      <path value="New" />
      <option name="myInitialPosition" value="-1" />
    </group>
    <group value="RemoteExternalToolsGroup" is_group="true" action_type="-1" position="14">
      <path value="root" />
      <path value="Main Menu" />
      <path value="Tools" />
      <option name="myInitialPosition" value="-1" />
    </group>
    <group value="NewDir" is_action="true" action_type="-1" position="14">
      <path value="root" />
      <path value="Project View Popup Menu" />
      <path value="New" />
      <option name="myInitialPosition" value="-1" />
    </group>
    <group value="OtherMenu" is_group="true" action_type="-1" position="13">
      <path value="root" />
      <path value="Main Menu" />
      <option name="myInitialPosition" value="-1" />
    </group>
    <group value="NewFile" is_action="true" action_type="-1" position="13">
      <path value="root" />
      <path value="Main Menu" />
      <path value="File" />
      <path value="File Open Actions" />
      <path value="Open Project Actions" />
      <path value="New" />
      <option name="myInitialPosition" value="-1" />
    </group>
    <group value="com.jetbrains.plugins.remotesdk.console.RunSshConsoleAction" is_action="true" action_type="-1" position="13">
      <path value="root" />
      <path value="Main Menu" />
      <path value="Tools" />
      <option name="myInitialPosition" value="-1" />
    </group>
    <group value="NewScratchFile" is_action="true" action_type="-1" position="13">
      <path value="root" />
      <path value="Project View Popup Menu" />
      <path value="New" />
      <option name="myInitialPosition" value="-1" />
    </group>
    <group value="HelpMenu" is_group="true" action_type="-1" position="12">
      <path value="root" />
      <path value="Main Menu" />
      <option name="myInitialPosition" value="-1" />
    </group>
    <group value="Android.CreateSampleDataDirectory" is_action="true" action_type="-1" position="12">
      <path value="root" />
      <path value="Main Menu" />
      <path value="File" />
      <path value="File Open Actions" />
      <path value="Open Project Actions" />
      <path value="New" />
      <option name="myInitialPosition" value="-1" />
    </group>
    <group value="PublishGroup" is_group="true" action_type="-1" position="12">
      <path value="root" />
      <path value="Main Menu" />
      <path value="Tools" />
      <option name="myInitialPosition" value="-1" />
    </group>
    <group value="Cmd.New" is_action="true" action_type="-1" position="12">
      <path value="root" />
      <path value="Project View Popup Menu" />
      <path value="New" />
      <option name="myInitialPosition" value="-1" />
    </group>
    <group value="WindowMenu" is_group="true" action_type="-1" position="11">
      <path value="root" />
      <path value="Main Menu" />
      <option name="myInitialPosition" value="-1" />
    </group>
    <group value="Android.CreateResourceDirectory" is_action="true" action_type="-1" position="11">
      <path value="root" />
      <path value="Main Menu" />
      <path value="File" />
      <path value="File Open Actions" />
      <path value="Open Project Actions" />
      <path value="New" />
      <option name="myInitialPosition" value="-1" />
    </group>
    <group value="AnalyzePlatformMenu" is_group="true" action_type="-1" position="11">
      <path value="root" />
      <path value="Main Menu" />
      <path value="Tools" />
      <option name="myInitialPosition" value="-1" />
    </group>
    <group value="Android.CreateResourcesActionGroup" is_group="true" action_type="-1" position="10">
      <path value="root" />
      <path value="Main Menu" />
      <path value="File" />
      <path value="File Open Actions" />
      <path value="Open Project Actions" />
      <path value="New" />
      <option name="myInitialPosition" value="-1" />
    </group>
    <group value="ExternalToolsGroup" is_group="true" action_type="-1" position="10">
      <path value="root" />
      <path value="Main Menu" />
      <path value="Tools" />
      <option name="myInitialPosition" value="-1" />
    </group>
    <group value="Android.CreateSampleDataDirectory" is_action="true" action_type="-1" position="10">
      <path value="root" />
      <path value="Project View Popup Menu" />
      <path value="New" />
      <option name="myInitialPosition" value="-1" />
    </group>
    <group value="AJ.NewAspect" is_action="true" action_type="-1" position="9">
      <path value="root" />
      <path value="Main Menu" />
      <path value="File" />
      <path value="File Open Actions" />
      <path value="Open Project Actions" />
      <path value="New" />
      <option name="myInitialPosition" value="-1" />
    </group>
    <group value="ToolsXmlGroup" is_group="true" action_type="-1" position="9">
      <path value="root" />
      <path value="Main Menu" />
      <path value="Tools" />
      <option name="myInitialPosition" value="-1" />
    </group>
    <group value="Android.CreateResourceDirectory" is_action="true" action_type="-1" position="9">
      <path value="root" />
      <path value="Project View Popup Menu" />
      <path value="New" />
      <option name="myInitialPosition" value="-1" />
    </group>
    <group value="AddNewPropertyFile" is_action="true" action_type="-1" position="8">
      <path value="root" />
      <path value="Main Menu" />
      <path value="File" />
      <path value="File Open Actions" />
      <path value="Open Project Actions" />
      <path value="New" />
      <option name="myInitialPosition" value="-1" />
    </group>
    <group seperator="true" action_type="-1" position="8">
      <path value="root" />
      <path value="Main Menu" />
      <path value="Tools" />
      <option name="myInitialPosition" value="-1" />
    </group>
    <group value="Android.CreateResourcesActionGroup" is_group="true" action_type="-1" position="8">
      <path value="root" />
      <path value="Project View Popup Menu" />
      <path value="New" />
      <option name="myInitialPosition" value="-1" />
    </group>
    <group value="NewPropertyAction" is_action="true" action_type="-1" position="7">
      <path value="root" />
      <path value="Main Menu" />
      <path value="File" />
      <path value="File Open Actions" />
      <path value="Open Project Actions" />
      <path value="New" />
      <option name="myInitialPosition" value="-1" />
    </group>
    <group value="CreateDesktopEntry" is_action="true" action_type="-1" position="7">
      <path value="root" />
      <path value="Main Menu" />
      <path value="Tools" />
      <option name="myInitialPosition" value="-1" />
    </group>
    <group value="AJ.NewAspect" is_action="true" action_type="-1" position="7">
      <path value="root" />
      <path value="Project View Popup Menu" />
      <path value="New" />
      <option name="myInitialPosition" value="-1" />
    </group>
    <group value="Groovy.NewClass" is_action="true" action_type="-1" position="6">
      <path value="root" />
      <path value="Main Menu" />
      <path value="File" />
      <path value="File Open Actions" />
      <path value="Open Project Actions" />
      <path value="New" />
      <option name="myInitialPosition" value="-1" />
    </group>
    <group value="CreateLauncherScript" is_action="true" action_type="-1" position="6">
      <path value="root" />
      <path value="Main Menu" />
      <path value="Tools" />
      <option name="myInitialPosition" value="-1" />
    </group>
    <group value="AddNewPropertyFile" is_action="true" action_type="-1" position="6">
      <path value="root" />
      <path value="Project View Popup Menu" />
      <path value="New" />
      <option name="myInitialPosition" value="-1" />
    </group>
    <group value="Kotlin.NewFile" is_action="true" action_type="-1" position="5">
      <path value="root" />
      <path value="Main Menu" />
      <path value="File" />
      <path value="File Open Actions" />
      <path value="Open Project Actions" />
      <path value="New" />
      <option name="myInitialPosition" value="-1" />
    </group>
    <group seperator="true" action_type="-1" position="5">
      <path value="root" />
      <path value="Main Menu" />
      <path value="Tools" />
      <option name="myInitialPosition" value="-1" />
    </group>
    <group value="NewPropertyAction" is_action="true" action_type="-1" position="5">
      <path value="root" />
      <path value="Project View Popup Menu" />
      <path value="New" />
      <option name="myInitialPosition" value="-1" />
    </group>
    <group value="NewGroup1" is_group="true" action_type="-1" position="4">
      <path value="root" />
      <path value="Main Menu" />
      <path value="File" />
      <path value="File Open Actions" />
      <path value="Open Project Actions" />
      <path value="New" />
      <option name="myInitialPosition" value="-1" />
    </group>
    <group value="PsiViewerForContext" is_action="true" action_type="-1" position="4">
      <path value="root" />
      <path value="Main Menu" />
      <path value="Tools" />
      <option name="myInitialPosition" value="-1" />
    </group>
    <group value="Groovy.NewClass" is_action="true" action_type="-1" position="4">
      <path value="root" />
      <path value="Project View Popup Menu" />
      <path value="New" />
      <option name="myInitialPosition" value="-1" />
    </group>
    <group value="WebResourcesGroup" is_group="true" action_type="-1" position="3">
      <path value="root" />
      <path value="Main Menu" />
      <path value="File" />
      <path value="File Open Actions" />
      <path value="Open Project Actions" />
      <path value="New" />
      <option name="myInitialPosition" value="-1" />
    </group>
    <group value="PsiViewer" is_action="true" action_type="-1" position="3">
      <path value="root" />
      <path value="Main Menu" />
      <path value="Tools" />
      <option name="myInitialPosition" value="-1" />
    </group>
    <group value="Kotlin.NewFile" is_action="true" action_type="-1" position="3">
      <path value="root" />
      <path value="Project View Popup Menu" />
      <path value="New" />
      <option name="myInitialPosition" value="-1" />
    </group>
    <group value="MarkRootGroup" is_group="true" action_type="-1" position="3">
      <path value="root" />
      <path value="Project View Popup Menu" />
      <path value="Project View Popup Menu Settings Group" />
      <option name="myInitialPosition" value="-1" />
    </group>
    <group value="Grails" is_group="true" action_type="-1" position="2">
      <path value="root" />
      <path value="Main Menu" />
      <path value="File" />
      <path value="File Open Actions" />
      <path value="Open Project Actions" />
      <path value="New" />
      <option name="myInitialPosition" value="-1" />
    </group>
    <group value="ToolsBasicGroup" is_group="true" action_type="-1" position="2">
      <path value="root" />
      <path value="Main Menu" />
      <path value="Tools" />
      <option name="myInitialPosition" value="-1" />
    </group>
    <group value="NewGroup1" is_group="true" action_type="-1" position="2">
      <path value="root" />
      <path value="Project View Popup Menu" />
      <path value="New" />
      <option name="myInitialPosition" value="-1" />
    </group>
    <group value="CodeWithMeMainMenuGroup" is_group="true" action_type="-1" position="1">
      <path value="root" />
      <path value="Main Menu" />
      <path value="Tools" />
      <option name="myInitialPosition" value="-1" />
    </group>
    <group value="WebResourcesGroup" is_group="true" action_type="-1" position="1">
      <path value="root" />
      <path value="Project View Popup Menu" />
      <path value="New" />
      <option name="myInitialPosition" value="-1" />
    </group>
    <group value="JavaNewProjectOrModuleGroup" is_group="true" action_type="-1" position="0">
      <path value="root" />
      <path value="Main Menu" />
      <path value="File" />
      <path value="File Open Actions" />
      <path value="Open Project Actions" />
      <path value="New" />
      <option name="myInitialPosition" value="-1" />
    </group>
    <group value="tasks.group" is_group="true" action_type="-1" position="0">
      <path value="root" />
      <path value="Main Menu" />
      <path value="Tools" />
      <option name="myInitialPosition" value="-1" />
    </group>
    <group value="Grails" is_group="true" action_type="-1" position="0">
      <path value="root" />
      <path value="Project View Popup Menu" />
      <path value="New" />
      <option name="myInitialPosition" value="-1" />
    </group>
    <group value="NewFromTemplate" is_group="true" action_type="1" position="0">
      <path value="root" />
      <path value="Project View Popup Menu" />
      <path value="New" />
      <option name="myInitialPosition" value="-1" />
    </group>
    <group value="MarkRootGroup" is_group="true" action_type="1" position="0">
      <path value="root" />
      <path value="Project View Popup Menu" />
      <path value="Project View Popup Menu Settings Group" />
      <option name="myInitialPosition" value="-1" />
    </group>
    <group seperator="true" action_type="1" position="1">
      <path value="root" />
      <path value="Main Menu" />
      <path value="File" />
      <path value="File Open Actions" />
      <path value="Open Project Actions" />
      <option name="myInitialPosition" value="-1" />
    </group>
    <group value="ProjectViewPopupMenuSettingsGroup" is_group="true" action_type="1" position="1">
      <path value="root" />
      <path value="Project View Popup Menu" />
      <option name="myInitialPosition" value="-1" />
    </group>
    <group value="NewPythonFile" is_action="true" action_type="1" position="1">
      <path value="root" />
      <path value="Project View Popup Menu" />
      <path value="New" />
      <option name="myInitialPosition" value="-1" />
    </group>
    <group value="NewProject" is_action="true" action_type="1" position="2">
      <path value="root" />
      <path value="Main Menu" />
      <path value="File" />
      <path value="File Open Actions" />
      <path value="Open Project Actions" />
      <option name="myInitialPosition" value="-1" />
    </group>
    <group value="NewDir" is_action="true" action_type="1" position="2">
      <path value="root" />
      <path value="Main Menu" />
      <path value="File" />
      <path value="File Open Actions" />
      <path value="Open Project Actions" />
      <path value="New" />
      <option name="myInitialPosition" value="-1" />
    </group>
    <group value="ImportProject" is_action="true" action_type="1" position="3">
      <path value="root" />
      <path value="Main Menu" />
      <path value="File" />
      <path value="File Open Actions" />
      <path value="Open Project Actions" />
      <option name="myInitialPosition" value="-1" />
    </group>
    <group value="ProjectFromVersionControl" is_action="true" action_type="1" position="4">
      <path value="root" />
      <path value="Main Menu" />
      <path value="File" />
      <path value="File Open Actions" />
      <path value="Open Project Actions" />
      <option name="myInitialPosition" value="-1" />
    </group>
    <group value="NewDir" is_action="true" action_type="1" position="4">
      <path value="root" />
      <path value="Project View Popup Menu" />
      <path value="New" />
      <option name="myInitialPosition" value="-1" />
    </group>
  </component>
</application>