<application>
  <component name="AndroidFoldingSettings">
    <option name="collapseAndroidStrings" value="false" />
    <option name="COLLAPSE_ANDROID_TEXT" value="false" />
  </component>
  <component name="CodeFoldingSettings">
    <option name="COLLAPSE_IMPORTS" value="false" />
    <option name="COLLAPSE_FILE_HEADER" value="false" />
  </component>
  <component name="CodeInsightSettings">
    <option name="SHOW_PARAMETER_NAME_HINTS_ON_COMPLETION" value="true" />
    <option name="SHOW_FULL_SIGNATURES_IN_PARAMETER_INFO" value="true" />
    <option name="INDENT_TO_CARET_ON_PASTE" value="true" />
    <option name="HIGHLIGHT_SCOPE" value="true" />
    <option name="ADD_UNAMBIGIOUS_IMPORTS_ON_THE_FLY" value="true" />
    <EXCLUDED_PACKAGE NAME="" />
  </component>
  <component name="DaemonCodeAnalyzerSettings">
    <option name="SHOW_METHOD_SEPARATORS" value="true" />
  </component>
  <component name="DefaultFont">
    <option name="FONT_FAMILY" value="Roboto Mono" />
    <option name="FONT_REGULAR_SUB_FAMILY" value="Regular" />
    <option name="FONT_BOLD_SUB_FAMILY" value="Regular" />
  </component>
  <component name="EditorSettings">
    <option name="languageBreadcrumbsMap">
      <map>
        <entry key="CSS" value="true" />
        <entry key="FTL" value="true" />
        <entry key="Groovy" value="true" />
        <entry key="HTML" value="true" />
        <entry key="Haml" value="true" />
        <entry key="JAVA" value="false" />
        <entry key="JSON" value="true" />
        <entry key="JSP" value="true" />
        <entry key="JSPX" value="true" />
        <entry key="JavaScript" value="true" />
        <entry key="LESS" value="true" />
        <entry key="PHP" value="true" />
        <entry key="Python" value="true" />
        <entry key="SASS" value="true" />
        <entry key="SCSS" value="true" />
        <entry key="SQL" value="true" />
        <entry key="Stylus" value="true" />
        <entry key="TypeScript" value="true" />
        <entry key="VTL" value="true" />
        <entry key="XHTML" value="true" />
        <entry key="XML" value="true" />
        <entry key="kotlin" value="true" />
        <entry key="yaml" value="true" />
      </map>
    </option>
    <option name="USE_SOFT_WRAPS" value="CONSOLE" />
    <option name="SOFT_WRAP_FILE_MASKS" value="*.md; *.txt; *.rst; *.adoc" />
    <option name="STRIP_TRAILING_SPACES" value="Whole" />
    <option name="IS_ENSURE_NEWLINE_AT_EOF" value="true" />
    <option name="IS_BLOCK_CURSOR" value="true" />
    <option name="IS_WHITESPACES_SHOWN" value="true" />
    <option name="IS_WHEEL_FONTCHANGE_ENABLED" value="true" />
  </component>
  <component name="InlayHintsSettings">
    <option name="lastViewedProviderKeyId" value="parameter.hints.old" />
  </component>
  <component name="JavaCodeFoldingSettings">
    <option name="collapseConstructorGenericParameters" value="false" />
    <option name="collapseI18nMessages" value="false" />
    <option name="collapseLambdas" value="false" />
    <option name="collapseOneLineMethods" value="false" />
    <option name="collapseSuppressWarnings" value="false" />
  </component>
  <component name="JsonEditorOptions">
    <option name="COLON_MOVE_OUTSIDE_QUOTES" value="true" />
    <option name="COMMA_MOVE_OUTSIDE_QUOTES" value="true" />
  </component>
  <component name="PythonFoldingSettings">
    <option name="COLLAPSE_LONG_STRINGS" value="true" />
    <option name="COLLAPSE_LONG_COLLECTIONS" value="true" />
    <option name="COLLAPSE_SEQUENTIAL_COMMENTS" value="true" />
  </component>
  <component name="SqlFoldingSettings">
    <option name="COLLAPSE_LONG_NUMBERS" value="false" />
  </component>
  <component name="XmlEditorOptions">
    <option name="showCssInlineColorPreview" value="true" />
  </component>
  <component name="XmlFoldingSettings">
    <option name="COLLAPSE_HTML_STYLE_ATTRIBUTE" value="false" />
    <option name="COLLAPSE_ENTITIES" value="false" />
    <option name="COLLAPSE_DATA_URI" value="false" />
  </component>
</application>