<application>
  <component name="ExportableFileTemplateSettings">
    <internal_templates>
      <template name="Python Script.py" reformat="false" live-template-enabled="false" enabled="true" />
    </internal_templates>
    <default_templates>
      <template name="__init__.py" file-name="__init__" reformat="true" live-template-enabled="false" />
      <template name="Gherkin feature file.feature" reformat="true" live-template-enabled="false" enabled="false" />
      <template name="Python Application.py" reformat="true" live-template-enabled="true" />
      <template name="Python Function.py" reformat="true" live-template-enabled="true" />
    </default_templates>
  </component>
</application>