<application>
  <component name="FileTypeManager" version="18">
    <extensionMap>
      <mapping pattern="wrong_name_email_sent" type="AUTO_DETECTED" />
      <mapping pattern="3-arc-second-v003" type="AUTO_DETECTED" />
      <mapping ext="space.kts" type="Kotlin" />
      <mapping ext="gradle.kts" type="Kotlin" />
      <mapping ext="main.kts" type="Kotlin" />
      <mapping pattern="Counters" type="PLAIN_TEXT" />
      <mapping pattern="Use Cases" type="PLAIN_TEXT" />
      <mapping pattern="get_access_point_groups_prod461.sql" type="PLAIN_TEXT" />
      <mapping pattern="known_hosts" type="PLAIN_TEXT" />
      <mapping pattern="timekeeping_main.html" type="PLAIN_TEXT" />
      <mapping pattern="wrong_password" type="PLAIN_TEXT" />
      <mapping ext="mzhqlwj0nh" type="PLAIN_TEXT" />
      <mapping ext="in" type="PLAIN_TEXT" />
      <mapping pattern="devicesList" type="TypeScript" />
      <mapping pattern="device" type="TypeScript" />
      <mapping pattern=".analysis_options" type="YAML" />
      <removed_mapping ext="apk" approved="true" type="ARCHIVE" />
      <removed_mapping ext="bat" approved="true" type="Batch" />
      <removed_mapping ext="bat" approved="true" type="PLAIN_TEXT" />
      <removed_mapping ext="cmd" approved="true" type="Batch" />
      <removed_mapping ext="cmd" approved="true" type="PLAIN_TEXT" />
      <removed_mapping ext="dockerfile" approved="true" type="textmate" />
      <removed_mapping ext="log" approved="true" type="ANSI Aware" />
      <removed_mapping ext="log" approved="true" type="PLAIN_TEXT" />
      <removed_mapping ext="makefile" approved="true" type="textmate" />
      <removed_mapping ext="pdf" approved="true" type="Native" />
      <removed_mapping ext="psd" approved="true" type="Image" />
      <removed_mapping ext="snakefile" approved="true" type="textmate" />
    </extensionMap>
  </component>
</application>