<application>
  <component name="ProjectJdkTable">
    <jdk version="2">
      <name value="1.8" />
      <type value="JavaSDK" />
      <version value="java version &quot;1.8.0_121&quot;" />
      <homePath value="C:/Program Files/Java/jdk1.8.0_121" />
      <roots>
        <annotationsPath>
          <root type="composite">
            <root url="jar://$APPLICATION_HOME_DIR$/plugins/java/lib/jdkAnnotations.jar!/" type="simple" />
          </root>
        </annotationsPath>
        <classPath>
          <root type="composite">
            <root url="jar://C:/Program Files/Java/jdk1.8.0_121/jre/lib/charsets.jar!/" type="simple" />
            <root url="jar://C:/Program Files/Java/jdk1.8.0_121/jre/lib/deploy.jar!/" type="simple" />
            <root url="jar://C:/Program Files/Java/jdk1.8.0_121/jre/lib/ext/access-bridge-64.jar!/" type="simple" />
            <root url="jar://C:/Program Files/Java/jdk1.8.0_121/jre/lib/ext/cldrdata.jar!/" type="simple" />
            <root url="jar://C:/Program Files/Java/jdk1.8.0_121/jre/lib/ext/dnsns.jar!/" type="simple" />
            <root url="jar://C:/Program Files/Java/jdk1.8.0_121/jre/lib/ext/jaccess.jar!/" type="simple" />
            <root url="jar://C:/Program Files/Java/jdk1.8.0_121/jre/lib/ext/jfxrt.jar!/" type="simple" />
            <root url="jar://C:/Program Files/Java/jdk1.8.0_121/jre/lib/ext/localedata.jar!/" type="simple" />
            <root url="jar://C:/Program Files/Java/jdk1.8.0_121/jre/lib/ext/nashorn.jar!/" type="simple" />
            <root url="jar://C:/Program Files/Java/jdk1.8.0_121/jre/lib/ext/sunec.jar!/" type="simple" />
            <root url="jar://C:/Program Files/Java/jdk1.8.0_121/jre/lib/ext/sunjce_provider.jar!/" type="simple" />
            <root url="jar://C:/Program Files/Java/jdk1.8.0_121/jre/lib/ext/sunmscapi.jar!/" type="simple" />
            <root url="jar://C:/Program Files/Java/jdk1.8.0_121/jre/lib/ext/sunpkcs11.jar!/" type="simple" />
            <root url="jar://C:/Program Files/Java/jdk1.8.0_121/jre/lib/ext/zipfs.jar!/" type="simple" />
            <root url="jar://C:/Program Files/Java/jdk1.8.0_121/jre/lib/javaws.jar!/" type="simple" />
            <root url="jar://C:/Program Files/Java/jdk1.8.0_121/jre/lib/jce.jar!/" type="simple" />
            <root url="jar://C:/Program Files/Java/jdk1.8.0_121/jre/lib/jfr.jar!/" type="simple" />
            <root url="jar://C:/Program Files/Java/jdk1.8.0_121/jre/lib/jfxswt.jar!/" type="simple" />
            <root url="jar://C:/Program Files/Java/jdk1.8.0_121/jre/lib/jsse.jar!/" type="simple" />
            <root url="jar://C:/Program Files/Java/jdk1.8.0_121/jre/lib/management-agent.jar!/" type="simple" />
            <root url="jar://C:/Program Files/Java/jdk1.8.0_121/jre/lib/plugin.jar!/" type="simple" />
            <root url="jar://C:/Program Files/Java/jdk1.8.0_121/jre/lib/resources.jar!/" type="simple" />
            <root url="jar://C:/Program Files/Java/jdk1.8.0_121/jre/lib/rt.jar!/" type="simple" />
            <root url="jar://C:/Program Files/Java/jdk1.8.0_121/jre/lib/ext/UiPathBridge.jar!/" type="simple" />
          </root>
        </classPath>
        <javadocPath>
          <root type="composite" />
        </javadocPath>
        <sourcePath>
          <root type="composite">
            <root url="jar://C:/Program Files/Java/jdk1.8.0_121/src.zip!/" type="simple" />
            <root url="jar://C:/Program Files/Java/jdk1.8.0_121/javafx-src.zip!/" type="simple" />
          </root>
        </sourcePath>
      </roots>
      <additional />
    </jdk>
    <jdk version="2">
      <name value="Python 3.6" />
      <type value="Python SDK" />
      <version value="Python 3.6.3" />
      <homePath value="C:\Python36\python.exe" />
      <roots>
        <annotationsPath>
          <root type="composite" />
        </annotationsPath>
        <classPath>
          <root type="composite">
            <root url="file://C:/Python36/DLLs" type="simple" />
            <root url="file://C:/Python36/Lib" type="simple" />
            <root url="file://C:/Python36" type="simple" />
            <root url="file://$USER_HOME$/AppData/Roaming/Python/Python36/site-packages" type="simple" />
            <root url="file://C:/Python36/Lib/site-packages" type="simple" />
            <root url="file://$USER_HOME$/OneDrive - up.com/GitLab/Python Packages/uprr_telecom_web_automation" type="simple" />
            <root url="file://C:/Python36/Lib/site-packages/win32" type="simple" />
            <root url="file://C:/Python36/Lib/site-packages/win32/lib" type="simple" />
            <root url="file://C:/Python36/Lib/site-packages/pythonwin" type="simple" />
            <root url="file://$USER_HOME$/AppData/Local/JetBrains/IntelliJIdea2021.1/python_stubs/-1184660488" type="simple" />
            <root url="file://$APPLICATION_PLUGINS_DIR$/python/helpers/python-skeletons" type="simple" />
            <root url="file://$APPLICATION_PLUGINS_DIR$/python/helpers/typeshed/stdlib" type="simple" />
            <root url="file://$APPLICATION_PLUGINS_DIR$/python/helpers/typeshed/stubs/jwt" type="simple" />
            <root url="file://$APPLICATION_PLUGINS_DIR$/python/helpers/typeshed/stubs/six" type="simple" />
            <root url="file://$APPLICATION_PLUGINS_DIR$/python/helpers/typeshed/stubs/mock" type="simple" />
            <root url="file://$APPLICATION_PLUGINS_DIR$/python/helpers/typeshed/stubs/nmap" type="simple" />
            <root url="file://$APPLICATION_PLUGINS_DIR$/python/helpers/typeshed/stubs/attrs" type="simple" />
            <root url="file://$APPLICATION_PLUGINS_DIR$/python/helpers/typeshed/stubs/polib" type="simple" />
            <root url="file://$APPLICATION_PLUGINS_DIR$/python/helpers/typeshed/stubs/retry" type="simple" />
            <root url="file://$APPLICATION_PLUGINS_DIR$/python/helpers/typeshed/stubs/enum34" type="simple" />
            <root url="file://$APPLICATION_PLUGINS_DIR$/python/helpers/typeshed/stubs/orjson" type="simple" />
            <root url="file://$APPLICATION_PLUGINS_DIR$/python/helpers/typeshed/stubs/xxhash" type="simple" />
            <root url="file://$APPLICATION_PLUGINS_DIR$/python/helpers/typeshed/stubs/chardet" type="simple" />
            <root url="file://$APPLICATION_PLUGINS_DIR$/python/helpers/typeshed/stubs/futures" type="simple" />
            <root url="file://$APPLICATION_PLUGINS_DIR$/python/helpers/typeshed/stubs/tzlocal" type="simple" />
            <root url="file://$APPLICATION_PLUGINS_DIR$/python/helpers/typeshed/stubs/aiofiles" type="simple" />
            <root url="file://$APPLICATION_PLUGINS_DIR$/python/helpers/typeshed/stubs/filelock" type="simple" />
            <root url="file://$APPLICATION_PLUGINS_DIR$/python/helpers/typeshed/stubs/Markdown" type="simple" />
            <root url="file://$APPLICATION_PLUGINS_DIR$/python/helpers/typeshed/stubs/paramiko" type="simple" />
            <root url="file://$APPLICATION_PLUGINS_DIR$/python/helpers/typeshed/stubs/pathlib2" type="simple" />
            <root url="file://$APPLICATION_PLUGINS_DIR$/python/helpers/typeshed/stubs/requests" type="simple" />
            <root url="file://$APPLICATION_PLUGINS_DIR$/python/helpers/typeshed/stubs/waitress" type="simple" />
            <root url="file://$APPLICATION_PLUGINS_DIR$/python/helpers/typeshed/stubs/Werkzeug" type="simple" />
            <root url="file://$APPLICATION_PLUGINS_DIR$/python/helpers/typeshed/stubs/freezegun" type="simple" />
            <root url="file://$APPLICATION_PLUGINS_DIR$/python/helpers/typeshed/stubs/ipaddress" type="simple" />
            <root url="file://$APPLICATION_PLUGINS_DIR$/python/helpers/typeshed/stubs/pyRFC3339" type="simple" />
            <root url="file://$APPLICATION_PLUGINS_DIR$/python/helpers/typeshed/stubs/typed-ast" type="simple" />
            <root url="file://$APPLICATION_PLUGINS_DIR$/python/helpers/typeshed/stubs/cachetools" type="simple" />
            <root url="file://$APPLICATION_PLUGINS_DIR$/python/helpers/typeshed/stubs/Deprecated" type="simple" />
            <root url="file://$APPLICATION_PLUGINS_DIR$/python/helpers/typeshed/stubs/frozendict" type="simple" />
            <root url="file://$APPLICATION_PLUGINS_DIR$/python/helpers/typeshed/stubs/contextvars" type="simple" />
            <root url="file://$APPLICATION_PLUGINS_DIR$/python/helpers/typeshed/stubs/JACK-Client" type="simple" />
            <root url="file://$APPLICATION_PLUGINS_DIR$/python/helpers/typeshed/stubs/atomicwrites" type="simple" />
            <root url="file://$APPLICATION_PLUGINS_DIR$/python/helpers/typeshed/stubs/cryptography" type="simple" />
            <root url="file://$APPLICATION_PLUGINS_DIR$/python/helpers/typeshed/stubs/click-spinner" type="simple" />
            <root url="file://$APPLICATION_PLUGINS_DIR$/python/helpers/typeshed/stubs/DateTimeRange" type="simple" />
            <root url="file://$APPLICATION_PLUGINS_DIR$/python/helpers/typeshed/stubs/pkg_resources" type="simple" />
            <root url="file://$APPLICATION_PLUGINS_DIR$/python/helpers/typeshed/stubs/python-gflags" type="simple" />
            <root url="file://$APPLICATION_PLUGINS_DIR$/python/helpers/typeshed/stubs/python-slugify" type="simple" />
            <root url="file://$APPLICATION_PLUGINS_DIR$/python/helpers/typeshed/stubs/python-dateutil" type="simple" />
            <root url="file://$APPLICATION_PLUGINS_DIR$/python/helpers/typeshed/stubs/typing-extensions" type="simple" />
          </root>
        </classPath>
        <javadocPath>
          <root type="composite" />
        </javadocPath>
        <sourcePath>
          <root type="composite" />
        </sourcePath>
      </roots>
      <additional />
    </jdk>
    <jdk version="2">
      <name value="9" />
      <type value="JavaSDK" />
      <version value="java version &quot;9&quot;" />
      <homePath value="C:/Program Files/Java/jdk-9" />
      <roots>
        <annotationsPath>
          <root type="composite">
            <root url="jar://$APPLICATION_HOME_DIR$/plugins/java/lib/jdkAnnotations.jar!/" type="simple" />
          </root>
        </annotationsPath>
        <classPath>
          <root type="composite">
            <root url="jrt://C:/Program Files/Java/jdk-9!/java.activation" type="simple" />
            <root url="jrt://C:/Program Files/Java/jdk-9!/java.base" type="simple" />
            <root url="jrt://C:/Program Files/Java/jdk-9!/java.compiler" type="simple" />
            <root url="jrt://C:/Program Files/Java/jdk-9!/java.corba" type="simple" />
            <root url="jrt://C:/Program Files/Java/jdk-9!/java.datatransfer" type="simple" />
            <root url="jrt://C:/Program Files/Java/jdk-9!/java.desktop" type="simple" />
            <root url="jrt://C:/Program Files/Java/jdk-9!/java.instrument" type="simple" />
            <root url="jrt://C:/Program Files/Java/jdk-9!/java.jnlp" type="simple" />
            <root url="jrt://C:/Program Files/Java/jdk-9!/java.logging" type="simple" />
            <root url="jrt://C:/Program Files/Java/jdk-9!/java.management" type="simple" />
            <root url="jrt://C:/Program Files/Java/jdk-9!/java.management.rmi" type="simple" />
            <root url="jrt://C:/Program Files/Java/jdk-9!/java.naming" type="simple" />
            <root url="jrt://C:/Program Files/Java/jdk-9!/java.prefs" type="simple" />
            <root url="jrt://C:/Program Files/Java/jdk-9!/java.rmi" type="simple" />
            <root url="jrt://C:/Program Files/Java/jdk-9!/java.scripting" type="simple" />
            <root url="jrt://C:/Program Files/Java/jdk-9!/java.se" type="simple" />
            <root url="jrt://C:/Program Files/Java/jdk-9!/java.se.ee" type="simple" />
            <root url="jrt://C:/Program Files/Java/jdk-9!/java.security.jgss" type="simple" />
            <root url="jrt://C:/Program Files/Java/jdk-9!/java.security.sasl" type="simple" />
            <root url="jrt://C:/Program Files/Java/jdk-9!/java.smartcardio" type="simple" />
            <root url="jrt://C:/Program Files/Java/jdk-9!/java.sql" type="simple" />
            <root url="jrt://C:/Program Files/Java/jdk-9!/java.sql.rowset" type="simple" />
            <root url="jrt://C:/Program Files/Java/jdk-9!/java.transaction" type="simple" />
            <root url="jrt://C:/Program Files/Java/jdk-9!/java.xml" type="simple" />
            <root url="jrt://C:/Program Files/Java/jdk-9!/java.xml.bind" type="simple" />
            <root url="jrt://C:/Program Files/Java/jdk-9!/java.xml.crypto" type="simple" />
            <root url="jrt://C:/Program Files/Java/jdk-9!/java.xml.ws" type="simple" />
            <root url="jrt://C:/Program Files/Java/jdk-9!/java.xml.ws.annotation" type="simple" />
            <root url="jrt://C:/Program Files/Java/jdk-9!/javafx.base" type="simple" />
            <root url="jrt://C:/Program Files/Java/jdk-9!/javafx.controls" type="simple" />
            <root url="jrt://C:/Program Files/Java/jdk-9!/javafx.deploy" type="simple" />
            <root url="jrt://C:/Program Files/Java/jdk-9!/javafx.fxml" type="simple" />
            <root url="jrt://C:/Program Files/Java/jdk-9!/javafx.graphics" type="simple" />
            <root url="jrt://C:/Program Files/Java/jdk-9!/javafx.media" type="simple" />
            <root url="jrt://C:/Program Files/Java/jdk-9!/javafx.swing" type="simple" />
            <root url="jrt://C:/Program Files/Java/jdk-9!/javafx.web" type="simple" />
            <root url="jrt://C:/Program Files/Java/jdk-9!/jdk.accessibility" type="simple" />
            <root url="jrt://C:/Program Files/Java/jdk-9!/jdk.attach" type="simple" />
            <root url="jrt://C:/Program Files/Java/jdk-9!/jdk.charsets" type="simple" />
            <root url="jrt://C:/Program Files/Java/jdk-9!/jdk.compiler" type="simple" />
            <root url="jrt://C:/Program Files/Java/jdk-9!/jdk.crypto.cryptoki" type="simple" />
            <root url="jrt://C:/Program Files/Java/jdk-9!/jdk.crypto.ec" type="simple" />
            <root url="jrt://C:/Program Files/Java/jdk-9!/jdk.crypto.mscapi" type="simple" />
            <root url="jrt://C:/Program Files/Java/jdk-9!/jdk.deploy" type="simple" />
            <root url="jrt://C:/Program Files/Java/jdk-9!/jdk.deploy.controlpanel" type="simple" />
            <root url="jrt://C:/Program Files/Java/jdk-9!/jdk.dynalink" type="simple" />
            <root url="jrt://C:/Program Files/Java/jdk-9!/jdk.editpad" type="simple" />
            <root url="jrt://C:/Program Files/Java/jdk-9!/jdk.hotspot.agent" type="simple" />
            <root url="jrt://C:/Program Files/Java/jdk-9!/jdk.httpserver" type="simple" />
            <root url="jrt://C:/Program Files/Java/jdk-9!/jdk.incubator.httpclient" type="simple" />
            <root url="jrt://C:/Program Files/Java/jdk-9!/jdk.internal.ed" type="simple" />
            <root url="jrt://C:/Program Files/Java/jdk-9!/jdk.internal.jvmstat" type="simple" />
            <root url="jrt://C:/Program Files/Java/jdk-9!/jdk.internal.le" type="simple" />
            <root url="jrt://C:/Program Files/Java/jdk-9!/jdk.internal.opt" type="simple" />
            <root url="jrt://C:/Program Files/Java/jdk-9!/jdk.internal.vm.ci" type="simple" />
            <root url="jrt://C:/Program Files/Java/jdk-9!/jdk.jartool" type="simple" />
            <root url="jrt://C:/Program Files/Java/jdk-9!/jdk.javadoc" type="simple" />
            <root url="jrt://C:/Program Files/Java/jdk-9!/jdk.javaws" type="simple" />
            <root url="jrt://C:/Program Files/Java/jdk-9!/jdk.jcmd" type="simple" />
            <root url="jrt://C:/Program Files/Java/jdk-9!/jdk.jconsole" type="simple" />
            <root url="jrt://C:/Program Files/Java/jdk-9!/jdk.jdeps" type="simple" />
            <root url="jrt://C:/Program Files/Java/jdk-9!/jdk.jdi" type="simple" />
            <root url="jrt://C:/Program Files/Java/jdk-9!/jdk.jdwp.agent" type="simple" />
            <root url="jrt://C:/Program Files/Java/jdk-9!/jdk.jfr" type="simple" />
            <root url="jrt://C:/Program Files/Java/jdk-9!/jdk.jlink" type="simple" />
            <root url="jrt://C:/Program Files/Java/jdk-9!/jdk.jshell" type="simple" />
            <root url="jrt://C:/Program Files/Java/jdk-9!/jdk.jsobject" type="simple" />
            <root url="jrt://C:/Program Files/Java/jdk-9!/jdk.jstatd" type="simple" />
            <root url="jrt://C:/Program Files/Java/jdk-9!/jdk.localedata" type="simple" />
            <root url="jrt://C:/Program Files/Java/jdk-9!/jdk.management" type="simple" />
            <root url="jrt://C:/Program Files/Java/jdk-9!/jdk.management.agent" type="simple" />
            <root url="jrt://C:/Program Files/Java/jdk-9!/jdk.management.cmm" type="simple" />
            <root url="jrt://C:/Program Files/Java/jdk-9!/jdk.management.jfr" type="simple" />
            <root url="jrt://C:/Program Files/Java/jdk-9!/jdk.management.resource" type="simple" />
            <root url="jrt://C:/Program Files/Java/jdk-9!/jdk.naming.dns" type="simple" />
            <root url="jrt://C:/Program Files/Java/jdk-9!/jdk.naming.rmi" type="simple" />
            <root url="jrt://C:/Program Files/Java/jdk-9!/jdk.net" type="simple" />
            <root url="jrt://C:/Program Files/Java/jdk-9!/jdk.pack" type="simple" />
            <root url="jrt://C:/Program Files/Java/jdk-9!/jdk.packager" type="simple" />
            <root url="jrt://C:/Program Files/Java/jdk-9!/jdk.packager.services" type="simple" />
            <root url="jrt://C:/Program Files/Java/jdk-9!/jdk.plugin" type="simple" />
            <root url="jrt://C:/Program Files/Java/jdk-9!/jdk.plugin.dom" type="simple" />
            <root url="jrt://C:/Program Files/Java/jdk-9!/jdk.plugin.server" type="simple" />
            <root url="jrt://C:/Program Files/Java/jdk-9!/jdk.policytool" type="simple" />
            <root url="jrt://C:/Program Files/Java/jdk-9!/jdk.rmic" type="simple" />
            <root url="jrt://C:/Program Files/Java/jdk-9!/jdk.scripting.nashorn" type="simple" />
            <root url="jrt://C:/Program Files/Java/jdk-9!/jdk.scripting.nashorn.shell" type="simple" />
            <root url="jrt://C:/Program Files/Java/jdk-9!/jdk.sctp" type="simple" />
            <root url="jrt://C:/Program Files/Java/jdk-9!/jdk.security.auth" type="simple" />
            <root url="jrt://C:/Program Files/Java/jdk-9!/jdk.security.jgss" type="simple" />
            <root url="jrt://C:/Program Files/Java/jdk-9!/jdk.snmp" type="simple" />
            <root url="jrt://C:/Program Files/Java/jdk-9!/jdk.unsupported" type="simple" />
            <root url="jrt://C:/Program Files/Java/jdk-9!/jdk.xml.bind" type="simple" />
            <root url="jrt://C:/Program Files/Java/jdk-9!/jdk.xml.dom" type="simple" />
            <root url="jrt://C:/Program Files/Java/jdk-9!/jdk.xml.ws" type="simple" />
            <root url="jrt://C:/Program Files/Java/jdk-9!/jdk.zipfs" type="simple" />
            <root url="jrt://C:/Program Files/Java/jdk-9!/oracle.desktop" type="simple" />
            <root url="jrt://C:/Program Files/Java/jdk-9!/oracle.net" type="simple" />
          </root>
        </classPath>
        <javadocPath>
          <root type="composite">
            <root url="https://docs.oracle.com/javase/9/docs/api/" type="simple" />
          </root>
        </javadocPath>
        <sourcePath>
          <root type="composite">
            <root url="jar://C:/Program Files/Java/jdk-9/lib/src.zip!/java.se" type="simple" />
            <root url="jar://C:/Program Files/Java/jdk-9/lib/src.zip!/jdk.jdi" type="simple" />
            <root url="jar://C:/Program Files/Java/jdk-9/lib/src.zip!/jdk.net" type="simple" />
            <root url="jar://C:/Program Files/Java/jdk-9/lib/src.zip!/java.rmi" type="simple" />
            <root url="jar://C:/Program Files/Java/jdk-9/lib/src.zip!/java.sql" type="simple" />
            <root url="jar://C:/Program Files/Java/jdk-9/lib/src.zip!/java.xml" type="simple" />
            <root url="jar://C:/Program Files/Java/jdk-9/lib/src.zip!/jdk.jcmd" type="simple" />
            <root url="jar://C:/Program Files/Java/jdk-9/lib/src.zip!/jdk.pack" type="simple" />
            <root url="jar://C:/Program Files/Java/jdk-9/lib/src.zip!/jdk.rmic" type="simple" />
            <root url="jar://C:/Program Files/Java/jdk-9/lib/src.zip!/jdk.sctp" type="simple" />
            <root url="jar://C:/Program Files/Java/jdk-9/lib/src.zip!/java.base" type="simple" />
            <root url="jar://C:/Program Files/Java/jdk-9/lib/src.zip!/jdk.jdeps" type="simple" />
            <root url="jar://C:/Program Files/Java/jdk-9/lib/src.zip!/jdk.jlink" type="simple" />
            <root url="jar://C:/Program Files/Java/jdk-9/lib/src.zip!/jdk.zipfs" type="simple" />
            <root url="jar://C:/Program Files/Java/jdk-9/lib/src.zip!/java.corba" type="simple" />
            <root url="jar://C:/Program Files/Java/jdk-9/lib/src.zip!/java.prefs" type="simple" />
            <root url="jar://C:/Program Files/Java/jdk-9/lib/src.zip!/java.se.ee" type="simple" />
            <root url="jar://C:/Program Files/Java/jdk-9/lib/src.zip!/javafx.web" type="simple" />
            <root url="jar://C:/Program Files/Java/jdk-9/lib/src.zip!/jdk.attach" type="simple" />
            <root url="jar://C:/Program Files/Java/jdk-9/lib/src.zip!/jdk.jshell" type="simple" />
            <root url="jar://C:/Program Files/Java/jdk-9/lib/src.zip!/jdk.jstatd" type="simple" />
            <root url="jar://C:/Program Files/Java/jdk-9/lib/src.zip!/jdk.xml.ws" type="simple" />
            <root url="jar://C:/Program Files/Java/jdk-9/lib/src.zip!/java.naming" type="simple" />
            <root url="jar://C:/Program Files/Java/jdk-9/lib/src.zip!/java.xml.ws" type="simple" />
            <root url="jar://C:/Program Files/Java/jdk-9/lib/src.zip!/javafx.base" type="simple" />
            <root url="jar://C:/Program Files/Java/jdk-9/lib/src.zip!/javafx.fxml" type="simple" />
            <root url="jar://C:/Program Files/Java/jdk-9/lib/src.zip!/jdk.editpad" type="simple" />
            <root url="jar://C:/Program Files/Java/jdk-9/lib/src.zip!/jdk.jartool" type="simple" />
            <root url="jar://C:/Program Files/Java/jdk-9/lib/src.zip!/jdk.javadoc" type="simple" />
            <root url="jar://C:/Program Files/Java/jdk-9/lib/src.zip!/jdk.xml.dom" type="simple" />
            <root url="jar://C:/Program Files/Java/jdk-9/lib/src.zip!/java.desktop" type="simple" />
            <root url="jar://C:/Program Files/Java/jdk-9/lib/src.zip!/java.logging" type="simple" />
            <root url="jar://C:/Program Files/Java/jdk-9/lib/src.zip!/javafx.media" type="simple" />
            <root url="jar://C:/Program Files/Java/jdk-9/lib/src.zip!/javafx.swing" type="simple" />
            <root url="jar://C:/Program Files/Java/jdk-9/lib/src.zip!/jdk.charsets" type="simple" />
            <root url="jar://C:/Program Files/Java/jdk-9/lib/src.zip!/jdk.compiler" type="simple" />
            <root url="jar://C:/Program Files/Java/jdk-9/lib/src.zip!/jdk.dynalink" type="simple" />
            <root url="jar://C:/Program Files/Java/jdk-9/lib/src.zip!/jdk.jconsole" type="simple" />
            <root url="jar://C:/Program Files/Java/jdk-9/lib/src.zip!/jdk.jsobject" type="simple" />
            <root url="jar://C:/Program Files/Java/jdk-9/lib/src.zip!/jdk.packager" type="simple" />
            <root url="jar://C:/Program Files/Java/jdk-9/lib/src.zip!/jdk.xml.bind" type="simple" />
            <root url="jar://C:/Program Files/Java/jdk-9/lib/src.zip!/java.compiler" type="simple" />
            <root url="jar://C:/Program Files/Java/jdk-9/lib/src.zip!/java.xml.bind" type="simple" />
            <root url="jar://C:/Program Files/Java/jdk-9/lib/src.zip!/jdk.crypto.ec" type="simple" />
            <root url="jar://C:/Program Files/Java/jdk-9/lib/src.zip!/java.scripting" type="simple" />
            <root url="jar://C:/Program Files/Java/jdk-9/lib/src.zip!/jdk.httpserver" type="simple" />
            <root url="jar://C:/Program Files/Java/jdk-9/lib/src.zip!/jdk.jdwp.agent" type="simple" />
            <root url="jar://C:/Program Files/Java/jdk-9/lib/src.zip!/jdk.localedata" type="simple" />
            <root url="jar://C:/Program Files/Java/jdk-9/lib/src.zip!/jdk.management" type="simple" />
            <root url="jar://C:/Program Files/Java/jdk-9/lib/src.zip!/jdk.naming.dns" type="simple" />
            <root url="jar://C:/Program Files/Java/jdk-9/lib/src.zip!/jdk.naming.rmi" type="simple" />
            <root url="jar://C:/Program Files/Java/jdk-9/lib/src.zip!/jdk.policytool" type="simple" />
            <root url="jar://C:/Program Files/Java/jdk-9/lib/src.zip!/java.activation" type="simple" />
            <root url="jar://C:/Program Files/Java/jdk-9/lib/src.zip!/java.instrument" type="simple" />
            <root url="jar://C:/Program Files/Java/jdk-9/lib/src.zip!/java.management" type="simple" />
            <root url="jar://C:/Program Files/Java/jdk-9/lib/src.zip!/java.sql.rowset" type="simple" />
            <root url="jar://C:/Program Files/Java/jdk-9/lib/src.zip!/java.xml.crypto" type="simple" />
            <root url="jar://C:/Program Files/Java/jdk-9/lib/src.zip!/javafx.controls" type="simple" />
            <root url="jar://C:/Program Files/Java/jdk-9/lib/src.zip!/javafx.graphics" type="simple" />
            <root url="jar://C:/Program Files/Java/jdk-9/lib/src.zip!/jdk.internal.ed" type="simple" />
            <root url="jar://C:/Program Files/Java/jdk-9/lib/src.zip!/jdk.internal.le" type="simple" />
            <root url="jar://C:/Program Files/Java/jdk-9/lib/src.zip!/jdk.unsupported" type="simple" />
            <root url="jar://C:/Program Files/Java/jdk-9/lib/src.zip!/java.smartcardio" type="simple" />
            <root url="jar://C:/Program Files/Java/jdk-9/lib/src.zip!/java.transaction" type="simple" />
            <root url="jar://C:/Program Files/Java/jdk-9/lib/src.zip!/jdk.internal.opt" type="simple" />
            <root url="jar://C:/Program Files/Java/jdk-9/lib/src.zip!/java.datatransfer" type="simple" />
            <root url="jar://C:/Program Files/Java/jdk-9/lib/src.zip!/jdk.accessibility" type="simple" />
            <root url="jar://C:/Program Files/Java/jdk-9/lib/src.zip!/jdk.crypto.mscapi" type="simple" />
            <root url="jar://C:/Program Files/Java/jdk-9/lib/src.zip!/jdk.hotspot.agent" type="simple" />
            <root url="jar://C:/Program Files/Java/jdk-9/lib/src.zip!/jdk.security.auth" type="simple" />
            <root url="jar://C:/Program Files/Java/jdk-9/lib/src.zip!/jdk.security.jgss" type="simple" />
            <root url="jar://C:/Program Files/Java/jdk-9/lib/src.zip!/java.security.jgss" type="simple" />
            <root url="jar://C:/Program Files/Java/jdk-9/lib/src.zip!/java.security.sasl" type="simple" />
            <root url="jar://C:/Program Files/Java/jdk-9/lib/src.zip!/jdk.internal.vm.ci" type="simple" />
            <root url="jar://C:/Program Files/Java/jdk-9/lib/src.zip!/java.management.rmi" type="simple" />
            <root url="jar://C:/Program Files/Java/jdk-9/lib/src.zip!/jdk.crypto.cryptoki" type="simple" />
            <root url="jar://C:/Program Files/Java/jdk-9/lib/src.zip!/jdk.internal.jvmstat" type="simple" />
            <root url="jar://C:/Program Files/Java/jdk-9/lib/src.zip!/jdk.management.agent" type="simple" />
            <root url="jar://C:/Program Files/Java/jdk-9/lib/src.zip!/jdk.packager.services" type="simple" />
            <root url="jar://C:/Program Files/Java/jdk-9/lib/src.zip!/jdk.scripting.nashorn" type="simple" />
            <root url="jar://C:/Program Files/Java/jdk-9/lib/src.zip!/java.xml.ws.annotation" type="simple" />
            <root url="jar://C:/Program Files/Java/jdk-9/lib/src.zip!/jdk.incubator.httpclient" type="simple" />
            <root url="jar://C:/Program Files/Java/jdk-9/lib/src.zip!/jdk.scripting.nashorn.shell" type="simple" />
          </root>
        </sourcePath>
      </roots>
      <additional />
    </jdk>
    <jdk version="2">
      <name value="11" />
      <type value="JavaSDK" />
      <version value="version 11.0.10" />
      <homePath value="C:/Program Files/AdoptOpenJDK/jdk-11.0.10.9-hotspot" />
      <roots>
        <annotationsPath>
          <root type="composite">
            <root url="jar://$APPLICATION_HOME_DIR$/plugins/java/lib/jdkAnnotations.jar!/" type="simple" />
          </root>
        </annotationsPath>
        <classPath>
          <root type="composite">
            <root url="jrt://C:/Program Files/AdoptOpenJDK/jdk-11.0.10.9-hotspot!/java.base" type="simple" />
            <root url="jrt://C:/Program Files/AdoptOpenJDK/jdk-11.0.10.9-hotspot!/java.compiler" type="simple" />
            <root url="jrt://C:/Program Files/AdoptOpenJDK/jdk-11.0.10.9-hotspot!/java.datatransfer" type="simple" />
            <root url="jrt://C:/Program Files/AdoptOpenJDK/jdk-11.0.10.9-hotspot!/java.desktop" type="simple" />
            <root url="jrt://C:/Program Files/AdoptOpenJDK/jdk-11.0.10.9-hotspot!/java.instrument" type="simple" />
            <root url="jrt://C:/Program Files/AdoptOpenJDK/jdk-11.0.10.9-hotspot!/java.logging" type="simple" />
            <root url="jrt://C:/Program Files/AdoptOpenJDK/jdk-11.0.10.9-hotspot!/java.management" type="simple" />
            <root url="jrt://C:/Program Files/AdoptOpenJDK/jdk-11.0.10.9-hotspot!/java.management.rmi" type="simple" />
            <root url="jrt://C:/Program Files/AdoptOpenJDK/jdk-11.0.10.9-hotspot!/java.naming" type="simple" />
            <root url="jrt://C:/Program Files/AdoptOpenJDK/jdk-11.0.10.9-hotspot!/java.net.http" type="simple" />
            <root url="jrt://C:/Program Files/AdoptOpenJDK/jdk-11.0.10.9-hotspot!/java.prefs" type="simple" />
            <root url="jrt://C:/Program Files/AdoptOpenJDK/jdk-11.0.10.9-hotspot!/java.rmi" type="simple" />
            <root url="jrt://C:/Program Files/AdoptOpenJDK/jdk-11.0.10.9-hotspot!/java.scripting" type="simple" />
            <root url="jrt://C:/Program Files/AdoptOpenJDK/jdk-11.0.10.9-hotspot!/java.se" type="simple" />
            <root url="jrt://C:/Program Files/AdoptOpenJDK/jdk-11.0.10.9-hotspot!/java.security.jgss" type="simple" />
            <root url="jrt://C:/Program Files/AdoptOpenJDK/jdk-11.0.10.9-hotspot!/java.security.sasl" type="simple" />
            <root url="jrt://C:/Program Files/AdoptOpenJDK/jdk-11.0.10.9-hotspot!/java.smartcardio" type="simple" />
            <root url="jrt://C:/Program Files/AdoptOpenJDK/jdk-11.0.10.9-hotspot!/java.sql" type="simple" />
            <root url="jrt://C:/Program Files/AdoptOpenJDK/jdk-11.0.10.9-hotspot!/java.sql.rowset" type="simple" />
            <root url="jrt://C:/Program Files/AdoptOpenJDK/jdk-11.0.10.9-hotspot!/java.transaction.xa" type="simple" />
            <root url="jrt://C:/Program Files/AdoptOpenJDK/jdk-11.0.10.9-hotspot!/java.xml" type="simple" />
            <root url="jrt://C:/Program Files/AdoptOpenJDK/jdk-11.0.10.9-hotspot!/java.xml.crypto" type="simple" />
            <root url="jrt://C:/Program Files/AdoptOpenJDK/jdk-11.0.10.9-hotspot!/jdk.accessibility" type="simple" />
            <root url="jrt://C:/Program Files/AdoptOpenJDK/jdk-11.0.10.9-hotspot!/jdk.aot" type="simple" />
            <root url="jrt://C:/Program Files/AdoptOpenJDK/jdk-11.0.10.9-hotspot!/jdk.attach" type="simple" />
            <root url="jrt://C:/Program Files/AdoptOpenJDK/jdk-11.0.10.9-hotspot!/jdk.charsets" type="simple" />
            <root url="jrt://C:/Program Files/AdoptOpenJDK/jdk-11.0.10.9-hotspot!/jdk.compiler" type="simple" />
            <root url="jrt://C:/Program Files/AdoptOpenJDK/jdk-11.0.10.9-hotspot!/jdk.crypto.cryptoki" type="simple" />
            <root url="jrt://C:/Program Files/AdoptOpenJDK/jdk-11.0.10.9-hotspot!/jdk.crypto.ec" type="simple" />
            <root url="jrt://C:/Program Files/AdoptOpenJDK/jdk-11.0.10.9-hotspot!/jdk.crypto.mscapi" type="simple" />
            <root url="jrt://C:/Program Files/AdoptOpenJDK/jdk-11.0.10.9-hotspot!/jdk.dynalink" type="simple" />
            <root url="jrt://C:/Program Files/AdoptOpenJDK/jdk-11.0.10.9-hotspot!/jdk.editpad" type="simple" />
            <root url="jrt://C:/Program Files/AdoptOpenJDK/jdk-11.0.10.9-hotspot!/jdk.hotspot.agent" type="simple" />
            <root url="jrt://C:/Program Files/AdoptOpenJDK/jdk-11.0.10.9-hotspot!/jdk.httpserver" type="simple" />
            <root url="jrt://C:/Program Files/AdoptOpenJDK/jdk-11.0.10.9-hotspot!/jdk.internal.ed" type="simple" />
            <root url="jrt://C:/Program Files/AdoptOpenJDK/jdk-11.0.10.9-hotspot!/jdk.internal.jvmstat" type="simple" />
            <root url="jrt://C:/Program Files/AdoptOpenJDK/jdk-11.0.10.9-hotspot!/jdk.internal.le" type="simple" />
            <root url="jrt://C:/Program Files/AdoptOpenJDK/jdk-11.0.10.9-hotspot!/jdk.internal.opt" type="simple" />
            <root url="jrt://C:/Program Files/AdoptOpenJDK/jdk-11.0.10.9-hotspot!/jdk.internal.vm.ci" type="simple" />
            <root url="jrt://C:/Program Files/AdoptOpenJDK/jdk-11.0.10.9-hotspot!/jdk.internal.vm.compiler" type="simple" />
            <root url="jrt://C:/Program Files/AdoptOpenJDK/jdk-11.0.10.9-hotspot!/jdk.internal.vm.compiler.management" type="simple" />
            <root url="jrt://C:/Program Files/AdoptOpenJDK/jdk-11.0.10.9-hotspot!/jdk.jartool" type="simple" />
            <root url="jrt://C:/Program Files/AdoptOpenJDK/jdk-11.0.10.9-hotspot!/jdk.javadoc" type="simple" />
            <root url="jrt://C:/Program Files/AdoptOpenJDK/jdk-11.0.10.9-hotspot!/jdk.jcmd" type="simple" />
            <root url="jrt://C:/Program Files/AdoptOpenJDK/jdk-11.0.10.9-hotspot!/jdk.jconsole" type="simple" />
            <root url="jrt://C:/Program Files/AdoptOpenJDK/jdk-11.0.10.9-hotspot!/jdk.jdeps" type="simple" />
            <root url="jrt://C:/Program Files/AdoptOpenJDK/jdk-11.0.10.9-hotspot!/jdk.jdi" type="simple" />
            <root url="jrt://C:/Program Files/AdoptOpenJDK/jdk-11.0.10.9-hotspot!/jdk.jdwp.agent" type="simple" />
            <root url="jrt://C:/Program Files/AdoptOpenJDK/jdk-11.0.10.9-hotspot!/jdk.jfr" type="simple" />
            <root url="jrt://C:/Program Files/AdoptOpenJDK/jdk-11.0.10.9-hotspot!/jdk.jlink" type="simple" />
            <root url="jrt://C:/Program Files/AdoptOpenJDK/jdk-11.0.10.9-hotspot!/jdk.jshell" type="simple" />
            <root url="jrt://C:/Program Files/AdoptOpenJDK/jdk-11.0.10.9-hotspot!/jdk.jsobject" type="simple" />
            <root url="jrt://C:/Program Files/AdoptOpenJDK/jdk-11.0.10.9-hotspot!/jdk.jstatd" type="simple" />
            <root url="jrt://C:/Program Files/AdoptOpenJDK/jdk-11.0.10.9-hotspot!/jdk.localedata" type="simple" />
            <root url="jrt://C:/Program Files/AdoptOpenJDK/jdk-11.0.10.9-hotspot!/jdk.management" type="simple" />
            <root url="jrt://C:/Program Files/AdoptOpenJDK/jdk-11.0.10.9-hotspot!/jdk.management.agent" type="simple" />
            <root url="jrt://C:/Program Files/AdoptOpenJDK/jdk-11.0.10.9-hotspot!/jdk.management.jfr" type="simple" />
            <root url="jrt://C:/Program Files/AdoptOpenJDK/jdk-11.0.10.9-hotspot!/jdk.naming.dns" type="simple" />
            <root url="jrt://C:/Program Files/AdoptOpenJDK/jdk-11.0.10.9-hotspot!/jdk.naming.ldap" type="simple" />
            <root url="jrt://C:/Program Files/AdoptOpenJDK/jdk-11.0.10.9-hotspot!/jdk.naming.rmi" type="simple" />
            <root url="jrt://C:/Program Files/AdoptOpenJDK/jdk-11.0.10.9-hotspot!/jdk.net" type="simple" />
            <root url="jrt://C:/Program Files/AdoptOpenJDK/jdk-11.0.10.9-hotspot!/jdk.pack" type="simple" />
            <root url="jrt://C:/Program Files/AdoptOpenJDK/jdk-11.0.10.9-hotspot!/jdk.rmic" type="simple" />
            <root url="jrt://C:/Program Files/AdoptOpenJDK/jdk-11.0.10.9-hotspot!/jdk.scripting.nashorn" type="simple" />
            <root url="jrt://C:/Program Files/AdoptOpenJDK/jdk-11.0.10.9-hotspot!/jdk.scripting.nashorn.shell" type="simple" />
            <root url="jrt://C:/Program Files/AdoptOpenJDK/jdk-11.0.10.9-hotspot!/jdk.sctp" type="simple" />
            <root url="jrt://C:/Program Files/AdoptOpenJDK/jdk-11.0.10.9-hotspot!/jdk.security.auth" type="simple" />
            <root url="jrt://C:/Program Files/AdoptOpenJDK/jdk-11.0.10.9-hotspot!/jdk.security.jgss" type="simple" />
            <root url="jrt://C:/Program Files/AdoptOpenJDK/jdk-11.0.10.9-hotspot!/jdk.unsupported" type="simple" />
            <root url="jrt://C:/Program Files/AdoptOpenJDK/jdk-11.0.10.9-hotspot!/jdk.unsupported.desktop" type="simple" />
            <root url="jrt://C:/Program Files/AdoptOpenJDK/jdk-11.0.10.9-hotspot!/jdk.xml.dom" type="simple" />
            <root url="jrt://C:/Program Files/AdoptOpenJDK/jdk-11.0.10.9-hotspot!/jdk.zipfs" type="simple" />
          </root>
        </classPath>
        <javadocPath>
          <root type="composite" />
        </javadocPath>
        <sourcePath>
          <root type="composite">
            <root url="jar://C:/Program Files/AdoptOpenJDK/jdk-11.0.10.9-hotspot/lib/src.zip!/java.se" type="simple" />
            <root url="jar://C:/Program Files/AdoptOpenJDK/jdk-11.0.10.9-hotspot/lib/src.zip!/jdk.aot" type="simple" />
            <root url="jar://C:/Program Files/AdoptOpenJDK/jdk-11.0.10.9-hotspot/lib/src.zip!/jdk.jdi" type="simple" />
            <root url="jar://C:/Program Files/AdoptOpenJDK/jdk-11.0.10.9-hotspot/lib/src.zip!/jdk.jfr" type="simple" />
            <root url="jar://C:/Program Files/AdoptOpenJDK/jdk-11.0.10.9-hotspot/lib/src.zip!/jdk.net" type="simple" />
            <root url="jar://C:/Program Files/AdoptOpenJDK/jdk-11.0.10.9-hotspot/lib/src.zip!/java.rmi" type="simple" />
            <root url="jar://C:/Program Files/AdoptOpenJDK/jdk-11.0.10.9-hotspot/lib/src.zip!/java.sql" type="simple" />
            <root url="jar://C:/Program Files/AdoptOpenJDK/jdk-11.0.10.9-hotspot/lib/src.zip!/java.xml" type="simple" />
            <root url="jar://C:/Program Files/AdoptOpenJDK/jdk-11.0.10.9-hotspot/lib/src.zip!/jdk.jcmd" type="simple" />
            <root url="jar://C:/Program Files/AdoptOpenJDK/jdk-11.0.10.9-hotspot/lib/src.zip!/jdk.pack" type="simple" />
            <root url="jar://C:/Program Files/AdoptOpenJDK/jdk-11.0.10.9-hotspot/lib/src.zip!/jdk.rmic" type="simple" />
            <root url="jar://C:/Program Files/AdoptOpenJDK/jdk-11.0.10.9-hotspot/lib/src.zip!/jdk.sctp" type="simple" />
            <root url="jar://C:/Program Files/AdoptOpenJDK/jdk-11.0.10.9-hotspot/lib/src.zip!/java.base" type="simple" />
            <root url="jar://C:/Program Files/AdoptOpenJDK/jdk-11.0.10.9-hotspot/lib/src.zip!/jdk.jdeps" type="simple" />
            <root url="jar://C:/Program Files/AdoptOpenJDK/jdk-11.0.10.9-hotspot/lib/src.zip!/jdk.jlink" type="simple" />
            <root url="jar://C:/Program Files/AdoptOpenJDK/jdk-11.0.10.9-hotspot/lib/src.zip!/jdk.zipfs" type="simple" />
            <root url="jar://C:/Program Files/AdoptOpenJDK/jdk-11.0.10.9-hotspot/lib/src.zip!/java.prefs" type="simple" />
            <root url="jar://C:/Program Files/AdoptOpenJDK/jdk-11.0.10.9-hotspot/lib/src.zip!/jdk.attach" type="simple" />
            <root url="jar://C:/Program Files/AdoptOpenJDK/jdk-11.0.10.9-hotspot/lib/src.zip!/jdk.jshell" type="simple" />
            <root url="jar://C:/Program Files/AdoptOpenJDK/jdk-11.0.10.9-hotspot/lib/src.zip!/jdk.jstatd" type="simple" />
            <root url="jar://C:/Program Files/AdoptOpenJDK/jdk-11.0.10.9-hotspot/lib/src.zip!/java.naming" type="simple" />
            <root url="jar://C:/Program Files/AdoptOpenJDK/jdk-11.0.10.9-hotspot/lib/src.zip!/jdk.editpad" type="simple" />
            <root url="jar://C:/Program Files/AdoptOpenJDK/jdk-11.0.10.9-hotspot/lib/src.zip!/jdk.jartool" type="simple" />
            <root url="jar://C:/Program Files/AdoptOpenJDK/jdk-11.0.10.9-hotspot/lib/src.zip!/jdk.javadoc" type="simple" />
            <root url="jar://C:/Program Files/AdoptOpenJDK/jdk-11.0.10.9-hotspot/lib/src.zip!/jdk.xml.dom" type="simple" />
            <root url="jar://C:/Program Files/AdoptOpenJDK/jdk-11.0.10.9-hotspot/lib/src.zip!/java.desktop" type="simple" />
            <root url="jar://C:/Program Files/AdoptOpenJDK/jdk-11.0.10.9-hotspot/lib/src.zip!/java.logging" type="simple" />
            <root url="jar://C:/Program Files/AdoptOpenJDK/jdk-11.0.10.9-hotspot/lib/src.zip!/jdk.charsets" type="simple" />
            <root url="jar://C:/Program Files/AdoptOpenJDK/jdk-11.0.10.9-hotspot/lib/src.zip!/jdk.compiler" type="simple" />
            <root url="jar://C:/Program Files/AdoptOpenJDK/jdk-11.0.10.9-hotspot/lib/src.zip!/jdk.dynalink" type="simple" />
            <root url="jar://C:/Program Files/AdoptOpenJDK/jdk-11.0.10.9-hotspot/lib/src.zip!/jdk.jconsole" type="simple" />
            <root url="jar://C:/Program Files/AdoptOpenJDK/jdk-11.0.10.9-hotspot/lib/src.zip!/jdk.jsobject" type="simple" />
            <root url="jar://C:/Program Files/AdoptOpenJDK/jdk-11.0.10.9-hotspot/lib/src.zip!/java.compiler" type="simple" />
            <root url="jar://C:/Program Files/AdoptOpenJDK/jdk-11.0.10.9-hotspot/lib/src.zip!/java.net.http" type="simple" />
            <root url="jar://C:/Program Files/AdoptOpenJDK/jdk-11.0.10.9-hotspot/lib/src.zip!/jdk.crypto.ec" type="simple" />
            <root url="jar://C:/Program Files/AdoptOpenJDK/jdk-11.0.10.9-hotspot/lib/src.zip!/java.scripting" type="simple" />
            <root url="jar://C:/Program Files/AdoptOpenJDK/jdk-11.0.10.9-hotspot/lib/src.zip!/jdk.httpserver" type="simple" />
            <root url="jar://C:/Program Files/AdoptOpenJDK/jdk-11.0.10.9-hotspot/lib/src.zip!/jdk.jdwp.agent" type="simple" />
            <root url="jar://C:/Program Files/AdoptOpenJDK/jdk-11.0.10.9-hotspot/lib/src.zip!/jdk.localedata" type="simple" />
            <root url="jar://C:/Program Files/AdoptOpenJDK/jdk-11.0.10.9-hotspot/lib/src.zip!/jdk.management" type="simple" />
            <root url="jar://C:/Program Files/AdoptOpenJDK/jdk-11.0.10.9-hotspot/lib/src.zip!/jdk.naming.dns" type="simple" />
            <root url="jar://C:/Program Files/AdoptOpenJDK/jdk-11.0.10.9-hotspot/lib/src.zip!/jdk.naming.rmi" type="simple" />
            <root url="jar://C:/Program Files/AdoptOpenJDK/jdk-11.0.10.9-hotspot/lib/src.zip!/java.instrument" type="simple" />
            <root url="jar://C:/Program Files/AdoptOpenJDK/jdk-11.0.10.9-hotspot/lib/src.zip!/java.management" type="simple" />
            <root url="jar://C:/Program Files/AdoptOpenJDK/jdk-11.0.10.9-hotspot/lib/src.zip!/java.sql.rowset" type="simple" />
            <root url="jar://C:/Program Files/AdoptOpenJDK/jdk-11.0.10.9-hotspot/lib/src.zip!/java.xml.crypto" type="simple" />
            <root url="jar://C:/Program Files/AdoptOpenJDK/jdk-11.0.10.9-hotspot/lib/src.zip!/jdk.internal.ed" type="simple" />
            <root url="jar://C:/Program Files/AdoptOpenJDK/jdk-11.0.10.9-hotspot/lib/src.zip!/jdk.internal.le" type="simple" />
            <root url="jar://C:/Program Files/AdoptOpenJDK/jdk-11.0.10.9-hotspot/lib/src.zip!/jdk.naming.ldap" type="simple" />
            <root url="jar://C:/Program Files/AdoptOpenJDK/jdk-11.0.10.9-hotspot/lib/src.zip!/jdk.unsupported" type="simple" />
            <root url="jar://C:/Program Files/AdoptOpenJDK/jdk-11.0.10.9-hotspot/lib/src.zip!/java.smartcardio" type="simple" />
            <root url="jar://C:/Program Files/AdoptOpenJDK/jdk-11.0.10.9-hotspot/lib/src.zip!/jdk.internal.opt" type="simple" />
            <root url="jar://C:/Program Files/AdoptOpenJDK/jdk-11.0.10.9-hotspot/lib/src.zip!/java.datatransfer" type="simple" />
            <root url="jar://C:/Program Files/AdoptOpenJDK/jdk-11.0.10.9-hotspot/lib/src.zip!/jdk.accessibility" type="simple" />
            <root url="jar://C:/Program Files/AdoptOpenJDK/jdk-11.0.10.9-hotspot/lib/src.zip!/jdk.crypto.mscapi" type="simple" />
            <root url="jar://C:/Program Files/AdoptOpenJDK/jdk-11.0.10.9-hotspot/lib/src.zip!/jdk.hotspot.agent" type="simple" />
            <root url="jar://C:/Program Files/AdoptOpenJDK/jdk-11.0.10.9-hotspot/lib/src.zip!/jdk.security.auth" type="simple" />
            <root url="jar://C:/Program Files/AdoptOpenJDK/jdk-11.0.10.9-hotspot/lib/src.zip!/jdk.security.jgss" type="simple" />
            <root url="jar://C:/Program Files/AdoptOpenJDK/jdk-11.0.10.9-hotspot/lib/src.zip!/java.security.jgss" type="simple" />
            <root url="jar://C:/Program Files/AdoptOpenJDK/jdk-11.0.10.9-hotspot/lib/src.zip!/java.security.sasl" type="simple" />
            <root url="jar://C:/Program Files/AdoptOpenJDK/jdk-11.0.10.9-hotspot/lib/src.zip!/jdk.internal.vm.ci" type="simple" />
            <root url="jar://C:/Program Files/AdoptOpenJDK/jdk-11.0.10.9-hotspot/lib/src.zip!/jdk.management.jfr" type="simple" />
            <root url="jar://C:/Program Files/AdoptOpenJDK/jdk-11.0.10.9-hotspot/lib/src.zip!/java.management.rmi" type="simple" />
            <root url="jar://C:/Program Files/AdoptOpenJDK/jdk-11.0.10.9-hotspot/lib/src.zip!/java.transaction.xa" type="simple" />
            <root url="jar://C:/Program Files/AdoptOpenJDK/jdk-11.0.10.9-hotspot/lib/src.zip!/jdk.crypto.cryptoki" type="simple" />
            <root url="jar://C:/Program Files/AdoptOpenJDK/jdk-11.0.10.9-hotspot/lib/src.zip!/jdk.internal.jvmstat" type="simple" />
            <root url="jar://C:/Program Files/AdoptOpenJDK/jdk-11.0.10.9-hotspot/lib/src.zip!/jdk.management.agent" type="simple" />
            <root url="jar://C:/Program Files/AdoptOpenJDK/jdk-11.0.10.9-hotspot/lib/src.zip!/jdk.scripting.nashorn" type="simple" />
            <root url="jar://C:/Program Files/AdoptOpenJDK/jdk-11.0.10.9-hotspot/lib/src.zip!/jdk.unsupported.desktop" type="simple" />
            <root url="jar://C:/Program Files/AdoptOpenJDK/jdk-11.0.10.9-hotspot/lib/src.zip!/jdk.internal.vm.compiler" type="simple" />
            <root url="jar://C:/Program Files/AdoptOpenJDK/jdk-11.0.10.9-hotspot/lib/src.zip!/jdk.scripting.nashorn.shell" type="simple" />
            <root url="jar://C:/Program Files/AdoptOpenJDK/jdk-11.0.10.9-hotspot/lib/src.zip!/jdk.internal.vm.compiler.management" type="simple" />
          </root>
        </sourcePath>
      </roots>
      <additional />
    </jdk>
    <jdk version="2">
      <name value="Python 3.9" />
      <type value="Python SDK" />
      <version value="Python 3.9.5" />
      <homePath value="C:\Python39\python.exe" />
      <roots>
        <annotationsPath>
          <root type="composite" />
        </annotationsPath>
        <classPath>
          <root type="composite">
            <root url="file://C:/Python39/DLLs" type="simple" />
            <root url="file://C:/Python39/Lib" type="simple" />
            <root url="file://C:/Python39" type="simple" />
            <root url="file://C:/Python39/Lib/site-packages" type="simple" />
            <root url="file://C:/Python39/Lib/site-packages/win32" type="simple" />
            <root url="file://C:/Python39/Lib/site-packages/win32/lib" type="simple" />
            <root url="file://C:/Python39/Lib/site-packages/pythonwin" type="simple" />
            <root url="file://$USER_HOME$/AppData/Local/JetBrains/IntelliJIdea2021.1/python_stubs/-797412331" type="simple" />
            <root url="file://$APPLICATION_PLUGINS_DIR$/python/helpers/python-skeletons" type="simple" />
            <root url="file://$APPLICATION_PLUGINS_DIR$/python/helpers/typeshed/stdlib" type="simple" />
            <root url="file://$APPLICATION_PLUGINS_DIR$/python/helpers/typeshed/stubs/jwt" type="simple" />
            <root url="file://$APPLICATION_PLUGINS_DIR$/python/helpers/typeshed/stubs/six" type="simple" />
            <root url="file://$APPLICATION_PLUGINS_DIR$/python/helpers/typeshed/stubs/mock" type="simple" />
            <root url="file://$APPLICATION_PLUGINS_DIR$/python/helpers/typeshed/stubs/nmap" type="simple" />
            <root url="file://$APPLICATION_PLUGINS_DIR$/python/helpers/typeshed/stubs/attrs" type="simple" />
            <root url="file://$APPLICATION_PLUGINS_DIR$/python/helpers/typeshed/stubs/polib" type="simple" />
            <root url="file://$APPLICATION_PLUGINS_DIR$/python/helpers/typeshed/stubs/retry" type="simple" />
            <root url="file://$APPLICATION_PLUGINS_DIR$/python/helpers/typeshed/stubs/enum34" type="simple" />
            <root url="file://$APPLICATION_PLUGINS_DIR$/python/helpers/typeshed/stubs/orjson" type="simple" />
            <root url="file://$APPLICATION_PLUGINS_DIR$/python/helpers/typeshed/stubs/xxhash" type="simple" />
            <root url="file://$APPLICATION_PLUGINS_DIR$/python/helpers/typeshed/stubs/chardet" type="simple" />
            <root url="file://$APPLICATION_PLUGINS_DIR$/python/helpers/typeshed/stubs/futures" type="simple" />
            <root url="file://$APPLICATION_PLUGINS_DIR$/python/helpers/typeshed/stubs/tzlocal" type="simple" />
            <root url="file://$APPLICATION_PLUGINS_DIR$/python/helpers/typeshed/stubs/aiofiles" type="simple" />
            <root url="file://$APPLICATION_PLUGINS_DIR$/python/helpers/typeshed/stubs/filelock" type="simple" />
            <root url="file://$APPLICATION_PLUGINS_DIR$/python/helpers/typeshed/stubs/Markdown" type="simple" />
            <root url="file://$APPLICATION_PLUGINS_DIR$/python/helpers/typeshed/stubs/paramiko" type="simple" />
            <root url="file://$APPLICATION_PLUGINS_DIR$/python/helpers/typeshed/stubs/pathlib2" type="simple" />
            <root url="file://$APPLICATION_PLUGINS_DIR$/python/helpers/typeshed/stubs/requests" type="simple" />
            <root url="file://$APPLICATION_PLUGINS_DIR$/python/helpers/typeshed/stubs/waitress" type="simple" />
            <root url="file://$APPLICATION_PLUGINS_DIR$/python/helpers/typeshed/stubs/Werkzeug" type="simple" />
            <root url="file://$APPLICATION_PLUGINS_DIR$/python/helpers/typeshed/stubs/freezegun" type="simple" />
            <root url="file://$APPLICATION_PLUGINS_DIR$/python/helpers/typeshed/stubs/ipaddress" type="simple" />
            <root url="file://$APPLICATION_PLUGINS_DIR$/python/helpers/typeshed/stubs/pyRFC3339" type="simple" />
            <root url="file://$APPLICATION_PLUGINS_DIR$/python/helpers/typeshed/stubs/typed-ast" type="simple" />
            <root url="file://$APPLICATION_PLUGINS_DIR$/python/helpers/typeshed/stubs/cachetools" type="simple" />
            <root url="file://$APPLICATION_PLUGINS_DIR$/python/helpers/typeshed/stubs/Deprecated" type="simple" />
            <root url="file://$APPLICATION_PLUGINS_DIR$/python/helpers/typeshed/stubs/frozendict" type="simple" />
            <root url="file://$APPLICATION_PLUGINS_DIR$/python/helpers/typeshed/stubs/contextvars" type="simple" />
            <root url="file://$APPLICATION_PLUGINS_DIR$/python/helpers/typeshed/stubs/JACK-Client" type="simple" />
            <root url="file://$APPLICATION_PLUGINS_DIR$/python/helpers/typeshed/stubs/atomicwrites" type="simple" />
            <root url="file://$APPLICATION_PLUGINS_DIR$/python/helpers/typeshed/stubs/cryptography" type="simple" />
            <root url="file://$APPLICATION_PLUGINS_DIR$/python/helpers/typeshed/stubs/click-spinner" type="simple" />
            <root url="file://$APPLICATION_PLUGINS_DIR$/python/helpers/typeshed/stubs/DateTimeRange" type="simple" />
            <root url="file://$APPLICATION_PLUGINS_DIR$/python/helpers/typeshed/stubs/pkg_resources" type="simple" />
            <root url="file://$APPLICATION_PLUGINS_DIR$/python/helpers/typeshed/stubs/python-gflags" type="simple" />
            <root url="file://$APPLICATION_PLUGINS_DIR$/python/helpers/typeshed/stubs/python-slugify" type="simple" />
            <root url="file://$APPLICATION_PLUGINS_DIR$/python/helpers/typeshed/stubs/python-dateutil" type="simple" />
            <root url="file://$APPLICATION_PLUGINS_DIR$/python/helpers/typeshed/stubs/typing-extensions" type="simple" />
          </root>
        </classPath>
        <javadocPath>
          <root type="composite" />
        </javadocPath>
        <sourcePath>
          <root type="composite" />
        </sourcePath>
      </roots>
      <additional />
    </jdk>
  </component>
</application>