<application>
  <component name="ProjectManager">
    <defaultProject>
      <component name="MavenImportPreferences">
        <option name="generalSettings">
          <MavenGeneralSettings>
            <option name="mavenHome" value="C:\Program Files\JetBrains\IntelliJ IDEA 2020.2.1\plugins\maven\lib\maven3" />
          </MavenGeneralSettings>
        </option>
      </component>
      <component name="ProjectRootManager" version="2" project-jdk-name="Python 3.9" project-jdk-type="Python SDK" />
      <component name="ProjectTasksOptions">
        <enabled-global>
          <option value="Black" />
        </enabled-global>
      </component>
      <component name="ProjectViewState">
        <option name="flattenPackages" value="true" />
        <option name="hideEmptyMiddlePackages" value="true" />
        <option name="showExcludedFiles" value="false" />
        <option name="showLibraryContents" value="true" />
      </component>
      <component name="PropertiesComponent">
        <property name="NewWatcherDialog.advanced.open" value="true" />
        <property name="last_opened_file_path" value="C:/Python39/Scripts/black.exe" />
        <property name="project.structure.last.edited" value="SDKs" />
        <property name="project.structure.proportion" value="0.0" />
        <property name="project.structure.side.proportion" value="0.0" />
        <property name="settings.editor.selected.configurable" value="editor.preferences.fonts.default" />
      </component>
      <component name="SvnConfiguration">
        <configuration>C:\Users\icom115\AppData\Roaming\Subversion</configuration>
      </component>
      <component name="masterDetails">
        <states>
          <state key="GlobalLibrariesConfigurable.UI" />
          <state key="JdkListConfigurable.UI">
            <settings>
              <last-edited>Python 3.9</last-edited>
              <splitter-proportions>
                <option name="proportions">
                  <list>
                    <option value="0.5081081" />
                  </list>
                </option>
              </splitter-proportions>
            </settings>
          </state>
          <state key="ProjectJDKs.UI">
            <settings>
              <last-edited>1.8</last-edited>
              <splitter-proportions>
                <option name="proportions">
                  <list>
                    <option value="0.2" />
                  </list>
                </option>
              </splitter-proportions>
            </settings>
          </state>
          <state key="ProjectLibrariesConfigurable.UI" />
        </states>
      </component>
    </defaultProject>
  </component>
</application>