<application>
  <component name="UISettings">
    <option name="ACTIVATE_MRU_EDITOR_ON_CLOSE" value="true" />
    <option name="CLOSE_NON_MODIFIED_FILES_FIRST" value="true" />
    <option name="compactTreeIndents" value="true" />
    <option name="EDITOR_TAB_LIMIT" value="20" />
    <option name="FULL_PATHS_IN_TITLE_BAR" value="true" />
    <option name="HIDE_TABS_IF_NEED" value="false" />
    <option name="LEFT_HORIZONTAL_SPLIT" value="true" />
    <option name="MARK_MODIFIED_TABS_WITH_ASTERISK" value="true" />
    <option name="OPEN_IN_PREVIEW_TAB_IF_POSSIBLE" value="true" />
    <option name="OPEN_TABS_AT_THE_END" value="true" />
    <option name="OVERRIDE_NONIDEA_LAF_FONTS" value="true" />
    <option name="RIGHT_HORIZONTAL_SPLIT" value="true" />
    <option name="SHOW_MAIN_TOOLBAR" value="true" />
    <option name="SHOW_PINNED_TABS_IN_A_SEPARATE_ROW" value="true" />
    <option name="SHOW_TOOL_WINDOW_NUMBERS" value="true" />
    <option name="showTreeIndentGuides" value="true" />
    <option name="SORT_TABS_ALPHABETICALLY" value="true" />
    <option name="CONTRAST_SCROLLBARS" value="true" />
    <option name="WIDESCREEN_SUPPORT" value="true" />
  </component>
</application>