<application>
  <component name="ApplicationTasksOptions">
    <global-watchers>
      <TaskOptions>
        <option name="arguments" value="$FilePath$" />
        <option name="checkSyntaxErrors" value="true" />
        <option name="description" />
        <option name="exitCodeBehavior" value="ERROR" />
        <option name="fileExtension" value="py" />
        <option name="immediateSync" value="false" />
        <option name="name" value="Black" />
        <option name="output" value="$FilePath$" />
        <option name="outputFilters">
          <array />
        </option>
        <option name="outputFromStdout" value="false" />
        <option name="program" value="C:/Python39/Scripts/black" />
        <option name="runOnExternalChanges" value="false" />
        <option name="scopeName" value="Project Files" />
        <option name="trackOnlyRoot" value="false" />
        <option name="workingDir" value="$ProjectFileDir$" />
        <envs />
      </TaskOptions>
    </global-watchers>
  </component>
</application>